relation_type,relation_label,obj_1,obj_2,generative_text,Rank1_word,Rank2_word,Rank3_word,accuracy
CreatedBy,CreatedBy,A book,a writer,"['a bookseller', 'a bookseller', 'a bookseller', 'a writer', 'a bookseller', 'a writer', 'a painter', 'a teacher', 'a teacher', 'a musician', 'a painter', 'a musician', 'a writer', 'a writer', 'a bookseller', 'a teacher', 'a painter', 'a cook', 'a bookseller', 'a bookseller']",a bookseller,a writer,a painter,0.2
CreatedBy,CreatedBy,a program,a programmer,"['a programmer', 'a computer', 'a game', 'a writer', 'a programmer', 'a computer', 'a programmer', 'a computer', 'a teacher', 'a programmer', 'a book', 'a musician', 'a student', 'a writer', 'a programmer', 'a computer', 'a scientist', 'a teacher', 'a game', 'a computer']",a programmer,a computer,a game,0.25
CreatedBy,CreatedBy,baby,sex,"['a child', 'a teacher', 'a student', 'a girl', 'a child', 'a boy', 'a musician', 'a woman', 'a baby', 'a dog', 'a man', 'a child', 'a teacher', 'a cat', 'a child', 'a cat', 'a baker', 'a child', 'a student', 'a baker']",a child,a teacher,a student,0.0
CreatedBy,CreatedBy,iPod,Apple Computer,"['a musician', 'a computer', 'a songwriter', 'a musician', 'a book', 'a TV', 'a singer', 'a musician', 'a musician', 'a video game', 'a TV', 'a singer/songwriter', 'a musician', 'a musician', 'a movie', 'a book', 'a musician', 'a computer', 'a video game', 'a songwriter']",a musician,a computer,a songwriter,0.0
CreatedBy,CreatedBy,Smoke ,fire,"['a smoker', 'a smoker', 'a musician', 'a tobacconist', 'a smoker', 'a smoker', 'a smoker', 'a smoker', 'a teacher', 'a smoker', 'a smoker', 'a smoker', 'a smoker', 'a smoker', 'a smoker', 'a smoker', 'a smoker', 'a smoker', 'a smoker', 'a smoker']",a smoker,a musician,a tobacconist,0.0
CreatedBy,CreatedBy,equality for everyone,a community,"['equality for everyone', 'equality for everyone', 'equality for everyone', 'a student', 'a teacher', 'equality for all', 'equality for everyone', 'a teacher', 'equality for everyone', 'equality for everyone', 'a student', 'equality for everybody', 'equality for everyone', 'a teacher', 'equality for everyone', 'equality for all', 'equality for everyone', 'equality for all', 'a person', 'a musician']",equality for everyone,a teacher,equality for all,0.0
CreatedBy,CreatedBy,semen,testicles,"['a woman', 'a teacher', 'a doctor', 'a dancer', 'a woman', 'a student', 'a man', 'a scientist', 'a prostitute', 'sperm', 'a woman', 'a book', 'a woman', 'a hairdresser', 'a musician', 'a student', 'a dancer', 'a hairdresser', 'a doctor', 'a man']",a woman,a doctor,a dancer,0.0
CreatedBy,CreatedBy,Marxism,Karl Marx and Friedrich Engels,"['a philosopher', 'a politician', 'a philosopher', 'a scientist', 'a philosopher', 'a communist', 'a writer', 'Marxism', 'a politician', 'a journalist', 'a communist', 'a philosopher', 'a politician', 'a philosopher', 'a scientist', 'Marxism-Leninism-Maoism', 'a scientist', 'a professor', 'a socialist', 'a teacher']",a philosopher,a politician,a scientist,0.0
CreatedBy,CreatedBy,oxygen,plants,"['a musician', 'a scientist', 'water', 'a doctor', 'a smoker', 'a person', 'a fish', 'a fish', 'a balloon', 'a beer', 'a balloon', 'a musician', 'a beer', 'a musician', 'a doctor', 'a fish', 'a baker', 'a musician', 'a painter', 'a scientist']",a musician,a fish,a scientist,0.0
CreatedBy,CreatedBy,Bread,a baker,"['a baker', 'a baker', 'a baker', 'a baker', 'a baker', 'a baker', 'a baker', 'a baker', 'a baker', 'a baker', 'a baker', 'a cake', 'a baker', 'a pizza', 'a baker', 'a bakery', 'a bakery', 'a baker', 'a baker', 'a baker']",a baker,a bakery,a cake,0.8
CreatedBy,CreatedBy,software,programmer,"['a computer', 'a programmer', 'a musician', 'a writer', 'a musician', 'a programmer', 'a teacher', 'a software engineer', 'a scientist', 'a programmer', 'a software developer', 'a video game', 'a computer', 'a computer', 'a musician', 'a computer', 'a programmer', 'a programmer', 'a video game', 'a game']",a programmer,a computer,a musician,0.25
CreatedBy,CreatedBy,chocolate,mixing sugar,"['a cake', 'a cake', 'a baker', 'a cake', 'a musician', 'a chocolatier', 'a baker', 'a cake', 'a book', 'a baker', 'a movie', 'a pizza', 'a book', 'a baker', 'a pizza', 'a movie', 'a baker', 'a musician', 'a chocolatier', 'a musician']",a baker,a cake,a musician,0.0
CreatedBy,CreatedBy,An egg,a chicken,"['a cake', 'a baker', 'a hairdresser', 'a cake', 'a baker', 'a chicken', 'a book', 'a pizza', 'a dog', 'a cake', 'a baker', 'a fish', 'a dog', 'a baker', 'a cake', 'a baker', 'a dog', 'a baker', 'a chicken', 'a baker']",a baker,a cake,a dog,0.1
CreatedBy,CreatedBy,genocide,killing a specific group,"['genocide', 'genocide', 'a terrorist', 'a scientist', 'a politician', 'genocide', 'a doctor', 'a soldier', 'a terrorist', 'a movie', 'a terrorist', 'a doctor', 'a politician', 'a scientist', 'a politician', 'a scientist', 'a soldier', 'genocide', 'a terrorist', 'genocide']",genocide,a terrorist,a scientist,0.0
CreatedBy,CreatedBy,A bridge ,man kind,"['a musician', 'a teacher', 'a dancer', 'a musician', 'a painter', 'a musician', 'a tree', 'a carpenter', 'a teacher', 'a carpenter', 'a carpenter', 'a musician', 'a musician', 'a musician', 'a teacher', 'a musician', 'a carpenter', 'a musician', 'a painter', 'a musician']",a musician,a carpenter,a teacher,0.0
CreatedBy,CreatedBy,equality for everyone,a political ideology,"['equality for everyone', 'equality for everyone', 'equality for everyone', 'a student', 'a teacher', 'equality for all', 'equality for everyone', 'a teacher', 'equality for everyone', 'equality for everyone', 'a student', 'equality for everybody', 'equality for everyone', 'a teacher', 'equality for everyone', 'equality for all', 'equality for everyone', 'equality for all', 'a person', 'a musician']",equality for everyone,a teacher,equality for all,0.0
CreatedBy,CreatedBy,Utopia,a community,"['a scientist', 'a writer', 'a painter', 'a philosopher', 'a musician', 'a politician', 'a teacher', 'a book', 'a woman', 'a student', 'a movie', 'a writer', 'a scientist', 'a painter', 'a student', 'a scientist', 'a musician', 'a teacher', 'a book', 'a writer']",a scientist,a writer,a painter,0.0
CreatedBy,CreatedBy,Fear,ignorance,"['a teacher', 'a musician', 'a dog', 'a scientist', 'a person', 'a student', 'a magician', 'a child', 'a thief', 'a dog', 'a cat', 'a teacher', 'a musician', 'a cat', 'a dog', 'a writer', 'a scientist', 'a musician', 'a student', 'a teacher']",a teacher,a musician,a dog,0.0
CreatedBy,CreatedBy,a dish,a chef,"['a dishwasher', 'a dishwasher', 'a dishwasher', 'a cook', 'a baker', 'a dishwasher', 'a restaurant', 'a cook', 'a chef', 'a chef', 'a cook', 'a baker', 'a dishwasher', 'a chef', 'a dishwasher', 'a dishwasher', 'a cook', 'a cook', 'a chef', 'a restaurant']",a dishwasher,a cook,a chef,0.2
CreatedBy,CreatedBy,game,programmer,"['a game designer', 'a computer', 'a game developer', 'a movie', 'a video game', 'a movie', 'a musician', 'a player', 'a game designer', 'a game designer', 'a movie', 'a book', 'a game designer', 'a game designer', 'a game designer', 'a game designer', 'a game designer', 'a game designer', 'a movie', 'a movie']",a game designer,a movie,a computer,0.0
CreatedBy,CreatedBy,An egg,a hen,"['a cake', 'a baker', 'a hairdresser', 'a cake', 'a baker', 'a chicken', 'a book', 'a pizza', 'a dog', 'a cake', 'a baker', 'a fish', 'a dog', 'a baker', 'a cake', 'a baker', 'a dog', 'a baker', 'a chicken', 'a baker']",a baker,a cake,a dog,0.0
CreatedBy,CreatedBy,Dinner,a chef,"['a dancer', 'a restaurant', 'a chef', 'a waiter', 'a musician', 'a baker', 'a movie', 'a waitress', 'a teacher', 'a baker', 'a cook', 'a dancer', 'a chef', 'a restaurant', 'a chef', 'a chef', 'a restaurant', 'a chef', 'a dancer', 'a waiter']",a chef,a dancer,a restaurant,0.25
CreatedBy,CreatedBy,Windows,Microsoft,"['a computer', 'a programmer', 'a computer', 'a computer', 'a user', 'a game', 'a computer', 'a musician', 'a computer', 'a computer', 'a video game', 'a writer', 'a printer', 'a TV', 'a computer', 'a computer', 'a computer', 'a movie', 'a programmer', 'a computer']",a computer,a programmer,a user,0.0
CreatedBy,CreatedBy,game,programmer,"['a game designer', 'a computer', 'a game developer', 'a movie', 'a video game', 'a movie', 'a musician', 'a player', 'a game designer', 'a game designer', 'a movie', 'a book', 'a game designer', 'a game designer', 'a game designer', 'a game designer', 'a game designer', 'a game designer', 'a movie', 'a movie']",a game designer,a movie,a computer,0.0
CreatedBy,CreatedBy,A paper,its author,"['a teacher', 'a writer', 'a teacher', 'a professor', 'a scientist', 'a book', 'a painter', 'a writer', 'a newspaper', 'a student', 'a book', 'a doctor', 'a scientist', 'a musician', 'a teacher', 'a professor', 'a writer', 'a teacher', 'a journalist', 'a photographer']",a teacher,a writer,a professor,0.0
CreatedBy,CreatedBy,gasoline,distilling oil,"['a carpenter', 'a car', 'a carpenter', 'a carpenter', 'a car', 'a carpenter', 'a carpenter', 'a carpenter', 'a truck driver', 'a carpenter', 'a carpenter', 'a truck driver', 'a carpenter', 'a carpenter', 'a carpenter', 'a carpenter', 'a baker', 'a carpenter', 'a carpenter', 'a carpenter']",a carpenter,a car,a truck driver,0.0
CreatedBy,CreatedBy,satan,god,"['a dancer', 'a musician', 'a singer', 'a painter', 'a writer', 'a teacher', 'a magician', 'a woman', 'a poet', 'a singer/songwriter', 'a hairdresser', 'a musician', 'a singer-songwriter', 'a singer', 'a dancer', 'a dancer', 'a musician', 'a singer', 'a painter', 'a writer']",a dancer,a musician,a singer,0.0
CreatedBy,CreatedBy,equality for everyone,a political ideology,"['equality for everyone', 'equality for everyone', 'equality for everyone', 'a student', 'a teacher', 'equality for all', 'equality for everyone', 'a teacher', 'equality for everyone', 'equality for everyone', 'a student', 'equality for everybody', 'equality for everyone', 'a teacher', 'equality for everyone', 'equality for all', 'equality for everyone', 'equality for all', 'a person', 'a musician']",equality for everyone,a teacher,equality for all,0.0
CreatedBy,CreatedBy,a dodgeball game,a group of people,"['a basketball game', 'a basketball game', 'a racquetball game', 'a basketball', 'a football game', 'a soccer game', 'a football game', 'a basketball game', 'a game of dodgeball', 'a soccer game', 'a baseball', 'a hockey game', 'a basketball', 'a racquetball player', 'a basketball game', 'a basketball game', 'a basketball game', 'a hockey game', 'a baseball game', 'a baseball game']",a basketball game,a basketball,a football game,0.0
CreatedBy,CreatedBy,photograph,a photographer,"['a photographer', 'a painter', 'a book', 'a photographer', 'a musician', 'a photographer', 'a photographer', 'a movie', 'a book', 'a teacher', 'a painter', 'a painter', 'a student', 'a musician', 'a painter', 'a movie', 'a film', 'a photographer', 'a game', 'a photographer']",a photographer,a painter,a book,0.3
CreatedBy,CreatedBy,babies,humans,"['a child', 'a teacher', 'a baby', 'children', 'a baby', 'a dog', 'a student', 'a girl', 'a musician', 'a boy', 'a book', 'a child', 'a cat', 'a teacher', 'a child', 'a child', 'a book', 'a cat', 'a baker', 'a baker']",a child,a teacher,a baby,0.0
CreatedBy,CreatedBy,global warming,greenhouse gases,"['a scientist', 'global warming', 'global warming', 'climate change', 'a scientist', 'a scientist', 'climate change', 'global warming', 'a scientist', 'a scientist', 'a scientist', 'global warming', 'climate change', 'global warming', 'a meteorologist', 'global warming', 'a politician', 'climate change', 'a geologist', 'a scientist']",a scientist,global warming,climate change,0.0
CreatedBy,CreatedBy,butterfly,cocoon,"['a butterfly', 'a butterfly', 'a bird', 'a bird', 'a dancer', 'a flower', 'a cat', 'a cat', 'a fish', 'a fish', 'a fish', 'a butterfly', 'a hairdresser', 'a cat', 'a butterfly', 'a butterfly', 'a butterfly', 'a bird', 'a cat', 'a cat']",a butterfly,a cat,a bird,0.0
CreatedBy,CreatedBy,dog poop,dogs,"['a dog', 'a dog', 'a cat', 'a teacher', 'a fish', 'a chicken', 'a cat', 'a book', 'a hairdresser', 'a fish', 'a dog', 'a cat', 'a dog', 'a dog', 'a dog', 'a dog', 'a dog', 'a book', 'a dog', 'a dog']",a dog,a cat,a fish,0.0
CreatedBy,CreatedBy,Utopia,a community,"['a scientist', 'a writer', 'a painter', 'a philosopher', 'a musician', 'a politician', 'a teacher', 'a book', 'a woman', 'a student', 'a movie', 'a writer', 'a scientist', 'a painter', 'a student', 'a scientist', 'a musician', 'a teacher', 'a book', 'a writer']",a scientist,a writer,a painter,0.0
CreatedBy,CreatedBy,an erection,constricted blood flow,"['a woman', 'a man', 'a dancer', 'a hairdresser', 'a teacher', 'a man', 'a woman', 'a dancer', 'a doctor', 'a woman', 'a student', 'a doctor', 'a painter', 'a musician', 'a student', 'a book', 'a musician', 'a teacher', 'a student', 'a musician']",a woman,a student,a musician,0.0
CreatedBy,CreatedBy,a system of abstract thought,a person,"['a system of abstract thought', 'a scientist', 'a philosopher', 'a mathematician', 'a teacher', 'a writer', 'a computer', 'a system of abstract thought', 'a programmer', 'a scientist', 'a person', 'a student', 'a book', 'a professor', 'a philosopher', 'a system of abstract thought', 'a psychologist', 'a researcher', 'a computer scientist', 'a system of abstract thought']",a system of abstract thought,a scientist,a philosopher,0.05
CreatedBy,CreatedBy,a song,a songwriter,"['a singer', 'a teacher', 'a musician', 'a songwriter', 'a dancer', 'a student', 'a teacher', 'a teacher', 'a musician', 'a singer', 'a dancer', 'a musician', 'a performer', 'a teacher', 'a producer', 'a composer', 'a songwriter', 'a book', 'a dancer', 'a songwriter']",a teacher,a musician,a songwriter,0.15
CreatedBy,CreatedBy,videogames,game programmers,"['a movie', 'a video game', 'a game designer', 'a video game', 'a musician', 'a video game', 'a movie', 'a computer', 'a game developer', 'a movie', 'a game', 'a video game', 'a book', 'a movie', 'a video game', 'a video game', 'a video game', 'a movie', 'a game', 'a video game']",a video game,a movie,a game,0.0
CreatedBy,CreatedBy,Sound,vibration,"['a musician', 'a musician', 'a singer', 'a songwriter', 'a dancer', 'a songwriter', 'a musician', 'a singer', 'a painter', 'a teacher', 'a composer', 'a dancer', 'a teacher', 'a writer', 'a musician', 'a singer/songwriter', 'a performer', 'a book', 'a painter', 'a writer']",a musician,a singer,a songwriter,0.0
CreatedBy,CreatedBy,an erection,constricted blood flow,"['a woman', 'a man', 'a dancer', 'a hairdresser', 'a teacher', 'a man', 'a woman', 'a dancer', 'a doctor', 'a woman', 'a student', 'a doctor', 'a painter', 'a musician', 'a student', 'a book', 'a musician', 'a teacher', 'a student', 'a musician']",a woman,a student,a musician,0.0
CreatedBy,CreatedBy,a dodgeball game,a group of people,"['a basketball game', 'a basketball game', 'a racquetball game', 'a basketball', 'a football game', 'a soccer game', 'a football game', 'a basketball game', 'a game of dodgeball', 'a soccer game', 'a baseball', 'a hockey game', 'a basketball', 'a racquetball player', 'a basketball game', 'a basketball game', 'a basketball game', 'a hockey game', 'a baseball game', 'a baseball game']",a basketball game,a basketball,a football game,0.0
CreatedBy,CreatedBy,game,programmer,"['a game designer', 'a computer', 'a game developer', 'a movie', 'a video game', 'a movie', 'a musician', 'a player', 'a game designer', 'a game designer', 'a movie', 'a book', 'a game designer', 'a game designer', 'a game designer', 'a game designer', 'a game designer', 'a game designer', 'a movie', 'a movie']",a game designer,a movie,a computer,0.0
CreatedBy,CreatedBy,videogames,game programmers,"['a movie', 'a video game', 'a game designer', 'a video game', 'a musician', 'a video game', 'a movie', 'a computer', 'a game developer', 'a movie', 'a game', 'a video game', 'a book', 'a movie', 'a video game', 'a video game', 'a video game', 'a movie', 'a game', 'a video game']",a video game,a movie,a game,0.0
CreatedBy,CreatedBy,A meal,a cook,"['a baker', 'a teacher', 'a teacher', 'a baker', 'a musician', 'a restaurant', 'a cook', 'a cook', 'a dancer', 'a doctor', 'a student', 'a musician', 'a dancer', 'a movie', 'a restaurant', 'a restaurant', 'a chef', 'a teacher', 'a cook', 'a baker']",a baker,a teacher,a restaurant,0.15
CreatedBy,CreatedBy,person,God,"['a person', 'a teacher', 'a teacher', 'person', 'a musician', 'a teacher', 'a writer', 'a musician', 'a painter', 'a writer', 'a person', 'a doctor', 'a writer', 'a painter', 'a painter', 'a student', 'a person', 'person', 'a musician', 'a student']",a person,a teacher,a musician,0.0
CreatedBy,CreatedBy,butterfly,cocoon,"['a butterfly', 'a butterfly', 'a bird', 'a bird', 'a dancer', 'a flower', 'a cat', 'a cat', 'a fish', 'a fish', 'a fish', 'a butterfly', 'a hairdresser', 'a cat', 'a butterfly', 'a butterfly', 'a butterfly', 'a bird', 'a cat', 'a cat']",a butterfly,a cat,a bird,0.0
CreatedBy,CreatedBy,electricity,a generator,"['a musician', 'a teacher', 'a musician', 'a musician', 'an electrician', 'a teacher', 'an electrician', 'a carpenter', 'a painter', 'a carpenter', 'an electrician', 'a conductor', 'a musician', 'a teacher', 'a scientist', 'a teacher', 'a painter', 'a conductor', 'a carpenter', 'a scientist']",a musician,a teacher,an electrician,0.0
CreatedBy,CreatedBy,a zombie,animating the flesh of a dead person,"['a zombie', 'a zombie', 'a thief', 'a vampire', 'a person', 'a player', 'a scientist', 'a player', 'a zombie', 'a thief', 'a person', 'a zombie', 'a teacher', 'a vampire', 'a vampire', 'a zombie', 'a thief', 'a zombie', 'a baker', 'a zombie']",a zombie,a thief,a vampire,0.0
CreatedBy,CreatedBy,drug dealer,prohibitionist society,"['a drug dealer', 'a thief', 'a doctor', 'a prostitute', 'a drug dealer', 'a drug dealer', 'a thief', 'a thief', 'a thief', 'a drug dealer', 'a sex offender', 'a prostitute', 'a thief', 'a thief', 'a doctor', 'drug dealer', 'a thief', 'a drug dealer', 'a drug-dealer', 'a musician']",a thief,a drug dealer,a doctor,0.0
CreatedBy,CreatedBy,Fear,ignorance,"['a teacher', 'a musician', 'a dog', 'a scientist', 'a person', 'a student', 'a magician', 'a child', 'a thief', 'a dog', 'a cat', 'a teacher', 'a musician', 'a cat', 'a dog', 'a writer', 'a scientist', 'a musician', 'a student', 'a teacher']",a teacher,a musician,a dog,0.0
CreatedBy,CreatedBy,A painting,an artist,"['a painter', 'a painter', 'a painter', 'a painter', 'a painter', 'a painting artist', 'a painter', 'a musician', 'a painter', 'a painter', 'a painter', 'a painter', 'a book', 'a teacher', 'a painter', 'a photographer', 'a painter', 'a musician', 'a painter', 'a musician']",a painter,a musician,a painting artist,0.0
CreatedBy,CreatedBy,a dish,a chef,"['a dishwasher', 'a dishwasher', 'a dishwasher', 'a cook', 'a baker', 'a dishwasher', 'a restaurant', 'a cook', 'a chef', 'a chef', 'a cook', 'a baker', 'a dishwasher', 'a chef', 'a dishwasher', 'a dishwasher', 'a cook', 'a cook', 'a chef', 'a restaurant']",a dishwasher,a cook,a chef,0.2
CreatedBy,CreatedBy,Utopia,a community,"['a scientist', 'a writer', 'a painter', 'a philosopher', 'a musician', 'a politician', 'a teacher', 'a book', 'a woman', 'a student', 'a movie', 'a writer', 'a scientist', 'a painter', 'a student', 'a scientist', 'a musician', 'a teacher', 'a book', 'a writer']",a scientist,a writer,a painter,0.0
CreatedBy,CreatedBy,a song,a songwriter,"['a singer', 'a teacher', 'a musician', 'a songwriter', 'a dancer', 'a student', 'a teacher', 'a teacher', 'a musician', 'a singer', 'a dancer', 'a musician', 'a performer', 'a teacher', 'a producer', 'a composer', 'a songwriter', 'a book', 'a dancer', 'a songwriter']",a teacher,a musician,a songwriter,0.15
CreatedBy,CreatedBy,a system of abstract thought,a person,"['a system of abstract thought', 'a scientist', 'a philosopher', 'a mathematician', 'a teacher', 'a writer', 'a computer', 'a system of abstract thought', 'a programmer', 'a scientist', 'a person', 'a student', 'a book', 'a professor', 'a philosopher', 'a system of abstract thought', 'a psychologist', 'a researcher', 'a computer scientist', 'a system of abstract thought']",a system of abstract thought,a scientist,a philosopher,0.05
CreatedBy,CreatedBy,open mind,MIT,"['a book', 'a musician', 'a writer', 'a book', 'a teacher', 'a painter', 'a scientist', 'a student', 'a person', 'a book', 'a poet', 'a musician', 'a doctor', 'a movie', 'a musician', 'a student', 'a writer', 'a painter', 'a book', 'a movie']",a book,a musician,a writer,0.0
CreatedBy,CreatedBy,equality for everyone,a political ideology,"['equality for everyone', 'equality for everyone', 'equality for everyone', 'a student', 'a teacher', 'equality for all', 'equality for everyone', 'a teacher', 'equality for everyone', 'equality for everyone', 'a student', 'equality for everybody', 'equality for everyone', 'a teacher', 'equality for everyone', 'equality for all', 'equality for everyone', 'equality for all', 'a person', 'a musician']",equality for everyone,a teacher,equality for all,0.0
CreatedBy,CreatedBy,dog poop,dogs,"['a dog', 'a dog', 'a cat', 'a teacher', 'a fish', 'a chicken', 'a cat', 'a book', 'a hairdresser', 'a fish', 'a dog', 'a cat', 'a dog', 'a dog', 'a dog', 'a dog', 'a dog', 'a book', 'a dog', 'a dog']",a dog,a cat,a fish,0.0
CreatedBy,CreatedBy,a clone,a lab,"['a programmer', 'a musician', 'a book', 'a student', 'a movie', 'a game', 'a computer', 'a teacher', 'a baker', 'a writer', 'a scientist', 'a person', 'a book', 'a writer', 'a game', 'a teacher', 'a student', 'a musician', 'a programmer', 'a student']",a student,a programmer,a musician,0.0
CreatedBy,CreatedBy,A child,birth,"['a teacher', 'a teacher', 'a child', 'a child', 'a child', 'a student', 'a teacher', 'a student', 'a teacher', 'a teacher', 'a teacher', 'a child', 'a person', 'a teacher', 'a teacher', 'a teacher', 'a teacher', 'a child', 'a teacher', 'a teacher']",a teacher,a child,a student,0.0
CreatedBy,CreatedBy,baby,IVF,"['a child', 'a teacher', 'a student', 'a girl', 'a child', 'a boy', 'a musician', 'a woman', 'a baby', 'a dog', 'a man', 'a child', 'a teacher', 'a cat', 'a child', 'a cat', 'a baker', 'a child', 'a student', 'a baker']",a child,a teacher,a student,0.0
CreatedBy,CreatedBy,Beer,the fermentation of hops,"['a brewer', 'a brewer', 'a musician', 'a brewer', 'a musician', 'a baker', 'a baker', 'a hairdresser', 'a brewer', 'a brewer', 'a brewer', 'a musician', 'a brewer', 'a brewer', 'a pizza', 'a brewer', 'a musician', 'a cake', 'a brewer', 'a baker']",a brewer,a musician,a baker,0.0
CreatedBy,CreatedBy,Death,nuclear weapons,"['a doctor', 'a musician', 'a teacher', 'a murderer', 'a dancer', 'a painter', 'a hairdresser', 'a cat', 'a movie', 'a musician', 'a doctor', 'a doctor', 'a cat', 'a doctor', 'a baker', 'a movie', 'a teacher', 'a doctor', 'a student', 'a doctor']",a doctor,a musician,a teacher,0.0
CreatedBy,CreatedBy,text,typing,"['a book', 'a book', 'a writer', 'a movie', 'a teacher', 'a book', 'text', 'a movie', 'a musician', 'a student', 'a teacher', 'a writer', 'a musician', 'a student', 'a game', 'a writer', 'a movie', 'a writer', 'a painter', 'a writer']",a writer,a book,a movie,0.0
CreatedBy,CreatedBy,a book,an author,"['a bookseller', 'a bookseller', 'a bookseller', 'a teacher', 'a writer', 'a bookseller', 'a musician', 'a movie', 'a painter', 'a cook', 'a painter', 'a bookseller', 'a bookseller', 'a bookseller', 'a writer', 'a musician', 'a teacher', 'a movie', 'a teacher', 'a writer']",a bookseller,a teacher,a writer,0.0
CreatedBy,CreatedBy,Islam,Muhammad,"['a Muslim', 'a musician', 'a Muslim', 'a Muslim', 'a Muslim', 'a politician', 'a musician', 'a musician', 'a poet', 'a rabbi', 'a writer', 'a Christian', 'a poet', 'a Muslim', 'a movie', 'a Muslim', 'a Christian', 'a musician', 'a musician', 'a politician']",a Muslim,a musician,a politician,0.0
CreatedBy,CreatedBy,death,homicide,"['a doctor', 'a teacher', 'a musician', 'a student', 'a cat', 'a hairdresser', 'a movie', 'a musician', 'a cat', 'a student', 'a movie', 'a doctor', 'a doctor', 'a doctor', 'a teacher', 'a doctor', 'a teacher', 'a baker', 'a baker', 'a teacher']",a doctor,a teacher,a musician,0.0
CreatedBy,CreatedBy,color,neurological processes,"['a painter', 'a colorist', 'a book', 'color', 'a movie', 'a musician', 'a painter', 'a painting', 'a colorist', 'a book', 'a picture', 'a musician', 'a painter', 'color', 'a clock', 'a painter', 'a musician', 'a game', 'a movie', 'a painter']",a painter,a musician,a colorist,0.0
CreatedBy,CreatedBy,an article,a writer,"['a writer', 'a book', 'a magazine', 'a writer', 'a book', 'a newspaper', 'a magazine', 'a teacher', 'a magazine', 'a journalist', 'an author', 'a journalist', 'a writer', 'a newspaper', 'an artist', 'a book', 'a newspaper', 'a teacher', 'a teacher', 'a journalist']",a writer,a book,a magazine,0.15
CreatedBy,CreatedBy,Milk,cows,"['a musician', 'a baker', 'a baker', 'milk', 'a cake', 'a musician', 'a musician', 'a farmer', 'a baker', 'a musician', 'a musician', 'a farmer', 'milk', 'a baker', 'a baker', 'milk', 'a musician', 'a musician', 'a farmer', 'a baker']",a musician,a baker,milk,0.0
CreatedBy,CreatedBy,A building,tradesmen,"['a teacher', 'a teacher', 'a restaurant', 'a painter', 'a teacher', 'a school', 'a teacher', 'a teacher', 'a teacher', 'a painter', 'a restaurant', 'a restaurant', 'a painter', 'a carpenter', 'a baker', 'a painter', 'a teacher', 'a painter', 'a person', 'a teacher']",a teacher,a painter,a restaurant,0.0
CreatedBy,CreatedBy,Misunderstanding,mental illness,"['a teacher', 'a student', 'a musician', 'a musician', 'a teacher', 'a writer', 'a student', 'a musician', 'a painter', 'a teacher', 'a professor', 'a scientist', 'a person', 'a woman', 'a book', 'a painter', 'a writer', 'a professor', 'a teacher', 'a scientist']",a teacher,a musician,a student,0.0
CreatedBy,CreatedBy,smoke alarm,manufacture,"['a smoker', 'a teacher', 'a smoker', 'a smoker', 'a car', 'a fire alarm', 'a cigarette', 'a TV', 'a smoker', 'a pipe', 'a smoker', 'a smoker', 'a cigarette', 'a smoker', 'a TV', 'a smoker', 'a smokestack', 'a car', 'a pipe', 'a smoker']",a smoker,a car,a cigarette,0.0
CreatedBy,CreatedBy,Objectivism,Ayn Rand,"['a philosopher', 'a philosopher', 'a philosopher', 'a writer', 'a scientist', 'a politician', 'a philosopher', 'a philosopher', 'a philosopher', 'a writer', 'a scientist', 'an atheist', 'a politician', 'a feminist', 'a journalist', 'a philosopher', 'a philosopher', 'a philosopher', 'a scientist', 'a teacher']",a philosopher,a scientist,a writer,0.0
CreatedBy,CreatedBy,a viola,a luthier,"['a singer', 'a pianist', 'a musician', 'a violinist', 'a singer', 'a singer', 'a violinist', 'a dancer', 'a violinist', 'a singer/songwriter', 'a violin', 'a drummer', 'a musician', 'a violin', 'a musician', 'a singer', 'a violinist', 'a singer', 'a trombone player', 'a singer/songwriter']",a singer,a violinist,a musician,0.0
CreatedBy,CreatedBy,friendship,two people,"['a friend', 'a friend', 'a musician', 'a teacher', 'friendship', 'a student', 'a lover', 'friendship', 'a student', 'a teacher', 'a friend', 'a musician', 'a teacher', 'a lover', 'a friend', 'a teacher', 'a lover', 'a friend', 'a musician', 'a lover']",a friend,a teacher,a lover,0.0
CreatedBy,CreatedBy,Beer,fermentation,"['a brewer', 'a brewer', 'a musician', 'a brewer', 'a musician', 'a baker', 'a baker', 'a hairdresser', 'a brewer', 'a brewer', 'a brewer', 'a musician', 'a brewer', 'a brewer', 'a pizza', 'a brewer', 'a musician', 'a cake', 'a brewer', 'a baker']",a brewer,a musician,a baker,0.0
CreatedBy,CreatedBy,Alloy,Combining metals,"['a baker', 'a musician', 'a painter', 'a baker', 'a teacher', 'a baker', 'a baker', 'a painter', 'a baker', 'a baker', 'a baker', 'a teacher', 'a musician', 'a baker', 'a painter', 'a baker', 'a baker', 'a baker', 'a chef', 'a baker']",a baker,a painter,a musician,0.0
CreatedBy,CreatedBy,sound,vibrating air,"['a musician', 'a book', 'a musician', 'a songwriter', 'a musician', 'a dancer', 'a singer', 'a teacher', 'a movie', 'a painter', 'a musician', 'a dancer', 'a video game', 'a writer', 'a singer', 'a game', 'a musician', 'a painter', 'a book', 'a teacher']",a musician,a book,a dancer,0.0
CreatedBy,CreatedBy,sound,vibrating air,"['a musician', 'a book', 'a musician', 'a songwriter', 'a musician', 'a dancer', 'a singer', 'a teacher', 'a movie', 'a painter', 'a musician', 'a dancer', 'a video game', 'a writer', 'a singer', 'a game', 'a musician', 'a painter', 'a book', 'a teacher']",a musician,a book,a dancer,0.0
CreatedBy,CreatedBy,"""The Hitchhiker's Guide to the Galaxy""",Douglas Adams,"['""The Hitchhiker\'s Guide to the Galaxy""', 'a book', 'a movie', 'a book', 'a musician', 'a musician', 'a writer', 'a hairdresser', 'a movie', 'a movie', 'a writer', 'a writer', 'a scientist', 'a musician', 'a book', 'a student', 'a hairdresser', 'a game', 'a film', 'a book']",a book,a movie,a musician,0.0
CreatedBy,CreatedBy,Form,emptiness,"['a musician', 'a writer', 'a dancer', 'a musician', 'a photographer', 'a musician', 'a singer', 'a painter', 'a composer', 'a scientist', 'a teacher', 'a singer/songwriter', 'a dancer', 'a book', 'a singer', 'a composer', 'a writer', 'a musician', 'a photographer', 'a painter']",a musician,a writer,a dancer,0.0
CreatedBy,CreatedBy,steak,butchering a cow,"['a dancer', 'a chef', 'a cook', 'a waiter', 'a musician', 'a baker', 'a hairdresser', 'a chicken', 'a chef', 'a baker', 'a baker', 'a waiter', 'a dancer', 'a cook', 'a hairdresser', 'a chicken', 'a dancer', 'a chef', 'a musician', 'a chef']",a chef,a dancer,a baker,0.0
CreatedBy,CreatedBy,melting,heat,"['a musician', 'a painter', 'a dancer', 'a baker', 'a cake', 'a cake', 'a book', 'a painting', 'a baker', 'a baker', 'a painting', 'a book', 'a painter', 'a musician', 'a musician', 'a musician', 'a baker', 'a musician', 'a painter', 'a songwriter']",a musician,a baker,a painter,0.0
CreatedBy,CreatedBy,Fusion,combining atoms,"['a dancer', 'a musician', 'a chef', 'a scientist', 'a cake', 'a magician', 'a movie', 'a dance', 'a baker', 'a dancer', 'a game', 'a musician', 'a flower', 'a cake', 'a dancer', 'a dancer', 'a movie', 'a dancer', 'a dancer', 'a chef']",a dancer,a musician,a chef,0.0
CreatedBy,CreatedBy,faith,belief,"['a teacher', 'a priest', 'a teacher', 'a musician', 'a doctor', 'a scientist', 'a rabbi', 'a Christian', 'a poet', 'a priest', 'a doctor', 'faith', 'a teacher', 'a priest', 'a teacher', 'a rabbi', 'a priest', 'a teacher', 'a scientist', 'a teacher']",a teacher,a priest,a doctor,0.0
CreatedBy,CreatedBy,A news article,a reporter,"['a journalist', 'a journalist', 'a writer', 'a reporter', 'a newspaper', 'a writer', 'a journalist', 'a journalist', 'a student', 'a writer', 'a newspaper', 'a reporter', 'a politician', 'a journalist', 'a teacher', 'a reporter', 'a newspaper', 'a teacher', 'a writer', 'a journalist']",a journalist,a writer,a reporter,0.15
CreatedBy,CreatedBy,diamond,pressure,"['a musician', 'a painter', 'a dancer', 'a musician', 'a musician', 'a musician', 'a hairdresser', 'a musician', 'a musician', 'a painter', 'a painter', 'a musician', 'a dancer', 'a musician', 'a dancer', 'a painter', 'a dancer', 'a musician', 'a painter', 'a baker']",a musician,a painter,a dancer,0.0
CreatedBy,CreatedBy,Death,cyanide,"['a doctor', 'a musician', 'a teacher', 'a murderer', 'a dancer', 'a painter', 'a hairdresser', 'a cat', 'a movie', 'a musician', 'a doctor', 'a doctor', 'a cat', 'a doctor', 'a baker', 'a movie', 'a teacher', 'a doctor', 'a student', 'a doctor']",a doctor,a musician,a teacher,0.0
CreatedBy,CreatedBy,pizza,pizza store,"['a pizza connoisseur', 'a musician', 'a restaurant', 'a baker', 'a chef', 'a movie', 'a baker', 'a movie', 'a musician', 'a baker', 'a musician', 'a restaurant', 'a musician', 'a chef', 'a musician', 'a pizza connoisseur', 'a restaurant', 'a chef', 'a restaurant', 'a restaurant']",a musician,a restaurant,a baker,0.0
CreatedBy,CreatedBy,plastic,oil,"['a painter', 'a book', 'a painter', 'a painter', 'a musician', 'a painting', 'a book', 'a painter', 'a painter', 'a painter', 'a painter', 'a painter', 'a painting', 'a movie', 'a painter', 'a painter', 'a musician', 'a painter', 'a painting', 'a painter']",a painter,a painting,a book,0.0
CreatedBy,CreatedBy,babies,parents,"['a child', 'a teacher', 'a baby', 'children', 'a baby', 'a dog', 'a student', 'a girl', 'a musician', 'a boy', 'a book', 'a child', 'a cat', 'a teacher', 'a child', 'a child', 'a book', 'a cat', 'a baker', 'a baker']",a child,a teacher,a baby,0.0
CreatedBy,CreatedBy,website,designing,"['a musician', 'a musician', 'a video game', 'a restaurant', 'a blogger', 'a company', 'a student', 'a movie', 'a game', 'a musician', 'a video game', 'a movie', 'a photographer', 'a blogger', 'a game', 'a student', 'a blogger', 'a company', 'a writer', 'a restaurant']",a musician,a blogger,a video game,0.0
CreatedBy,CreatedBy,beer,brewers,"['a musician', 'a movie', 'a pizza', 'a book', 'wine', 'a game', 'a cake', 'a movie', 'a pizza', 'a book', 'a fish', 'a game', 'a cake', 'a musician', 'a baker', 'a fish', 'a baker', 'a musician', 'a movie', 'a musician']",a musician,a movie,a pizza,0.0
CreatedBy,CreatedBy,sound,by the vocal cords,"['a musician', 'a book', 'a musician', 'a songwriter', 'a musician', 'a dancer', 'a singer', 'a teacher', 'a movie', 'a painter', 'a musician', 'a dancer', 'a video game', 'a writer', 'a singer', 'a game', 'a musician', 'a painter', 'a book', 'a teacher']",a musician,a book,a dancer,0.0
CreatedBy,CreatedBy,a novel,an author,"['a writer', 'a book', 'a movie', 'a writer', 'a painter', 'a novelist', 'a writer', 'a movie', 'a book', 'a teacher', 'a movie', 'a musician', 'a book', 'a writer', 'a book', 'a writer', 'a painter', 'a novelist', 'a cook', 'a painter']",a writer,a book,a movie,0.0
CreatedBy,CreatedBy,understanding,learning,"['a teacher', 'a writer', 'a scientist', 'a teacher', 'a musician', 'understanding', 'a teacher', 'a student', 'a musician', 'a teacher', 'a painter', 'a teacher', 'a teacher', 'a writer', 'understanding', 'an artist', 'a scientist', 'a scientist', 'a teacher', 'a doctor']",a teacher,a scientist,a writer,0.0
CreatedBy,CreatedBy,a dam,humans,"['a hairdresser', 'a hairdresser', 'a teacher', 'a musician', 'a river', 'a farmer', 'a dancer', 'a fish', 'a fish', 'a teacher', 'a river', 'a baker', 'a painter', 'a fisherman', 'a farmer', 'a painter', 'a fisherman', 'a musician', 'a fisherman', 'a musician']",a musician,a fisherman,a hairdresser,0.0
CreatedBy,CreatedBy,melting,heat,"['a musician', 'a painter', 'a dancer', 'a baker', 'a cake', 'a cake', 'a book', 'a painting', 'a baker', 'a baker', 'a painting', 'a book', 'a painter', 'a musician', 'a musician', 'a musician', 'a baker', 'a musician', 'a painter', 'a songwriter']",a musician,a baker,a painter,0.0
CreatedBy,CreatedBy,Cocaine,Coca Plant,"['a musician', 'a dancer', 'a doctor', 'a teacher', 'a dancer', 'a doctor', 'a dancer', 'cocaine', 'a doctor', 'a musician', 'a doctor', 'a teacher', 'a teacher', 'a baker', 'a drug dealer', 'a carpenter', 'a teacher', 'a carpenter', 'a drug addict', 'a musician']",a doctor,a teacher,a musician,0.0
CreatedBy,CreatedBy,Fusion,combining atoms,"['a dancer', 'a musician', 'a chef', 'a scientist', 'a cake', 'a magician', 'a movie', 'a dance', 'a baker', 'a dancer', 'a game', 'a musician', 'a flower', 'a cake', 'a dancer', 'a dancer', 'a movie', 'a dancer', 'a dancer', 'a chef']",a dancer,a musician,a chef,0.0
CreatedBy,CreatedBy,faith,belief,"['a teacher', 'a priest', 'a teacher', 'a musician', 'a doctor', 'a scientist', 'a rabbi', 'a Christian', 'a poet', 'a priest', 'a doctor', 'faith', 'a teacher', 'a priest', 'a teacher', 'a rabbi', 'a priest', 'a teacher', 'a scientist', 'a teacher']",a teacher,a priest,a doctor,0.0
CreatedBy,CreatedBy,Death,poisonous gas,"['a doctor', 'a musician', 'a teacher', 'a murderer', 'a dancer', 'a painter', 'a hairdresser', 'a cat', 'a movie', 'a musician', 'a doctor', 'a doctor', 'a cat', 'a doctor', 'a baker', 'a movie', 'a teacher', 'a doctor', 'a student', 'a doctor']",a doctor,a musician,a teacher,0.0
CreatedBy,CreatedBy,blues,blues musicians,"['a singer', 'a singer', 'a musician', 'a songwriter', 'a musician', 'a musician', 'a songwriter', 'a singer', 'a singer', 'a band', 'a musician', 'a singer', 'a musician', 'a singer', 'a singer', 'a singer/songwriter', 'a musician', 'a dancer', 'a dancer', 'a musician']",a singer,a musician,a songwriter,0.0
CreatedBy,CreatedBy,a cake,baking it,"['a baker', 'a baker', 'a student', 'a baker', 'a baker', 'a baker', 'a student', 'a baker', 'a baker', 'a student', 'a student', 'a baker', 'a student', 'a baker', 'a baker', 'a baker', 'a baker', 'a baker', 'a student', 'a baker']",a baker,a student,,0.0
CreatedBy,CreatedBy,A news article,a reporter,"['a journalist', 'a journalist', 'a writer', 'a reporter', 'a newspaper', 'a writer', 'a journalist', 'a journalist', 'a student', 'a writer', 'a newspaper', 'a reporter', 'a politician', 'a journalist', 'a teacher', 'a reporter', 'a newspaper', 'a teacher', 'a writer', 'a journalist']",a journalist,a writer,a reporter,0.15
CreatedBy,CreatedBy,plastic,oil,"['a painter', 'a book', 'a painter', 'a painter', 'a musician', 'a painting', 'a book', 'a painter', 'a painter', 'a painter', 'a painter', 'a painter', 'a painting', 'a movie', 'a painter', 'a painter', 'a musician', 'a painter', 'a painting', 'a painter']",a painter,a painting,a book,0.0
CreatedBy,CreatedBy,website,designing,"['a musician', 'a musician', 'a video game', 'a restaurant', 'a blogger', 'a company', 'a student', 'a movie', 'a game', 'a musician', 'a video game', 'a movie', 'a photographer', 'a blogger', 'a game', 'a student', 'a blogger', 'a company', 'a writer', 'a restaurant']",a musician,a blogger,a video game,0.0
CreatedBy,CreatedBy,a novel,an author,"['a writer', 'a book', 'a movie', 'a writer', 'a painter', 'a novelist', 'a writer', 'a movie', 'a book', 'a teacher', 'a movie', 'a musician', 'a book', 'a writer', 'a book', 'a writer', 'a painter', 'a novelist', 'a cook', 'a painter']",a writer,a book,a movie,0.0
CreatedBy,CreatedBy,an egalitarian society.,a political ideology,"['an egalitarian society.', 'an egalitarian society.', 'a feminist society.', 'a feminist society.', 'an egalitarian society.', 'an egalitarian society.', 'an egalitarian society.', 'a student', 'an egalitarian society.', 'a woman', 'an agrarian society.', 'a woman', 'an egalitarian society', 'a politician', 'a musician', 'an egalitarian society.', 'an egalitarian society.', 'a feminist society.', 'an aristocratic society.', 'a philosopher']",an egalitarian society.,a feminist society.,a woman,0.0
CreatedBy,CreatedBy,a dance,a choreographer,"['a dancer', 'a musician', 'a dancer', 'a dancer', 'a musician', 'a musician', 'a dancer', 'a dancer', 'a singer/songwriter', 'a dancer', 'a dancer', 'a musician', 'a dancer', 'a singer', 'a musician', 'a teacher', 'a hairdresser', 'a dancer', 'a songwriter', 'a songwriter']",a dancer,a musician,a songwriter,0.0
CreatedBy,CreatedBy,pirated software,crackers,"['a video game', 'a movie', 'a video game', 'a game', 'a musician', 'a computer', 'a movie', 'a game', 'a video game', 'a movie', 'a video game', 'a thief', 'a video game', 'a pirate', 'a game', 'a film', 'a book', 'a movie', 'a video game', 'a movie']",a video game,a movie,a game,0.0
CreatedBy,CreatedBy,voltage,the seperation of electrical charges,"['a clock', 'a speaker', 'a conductor', 'a TV', 'a clock', 'a TV', 'a lamp', 'a lamp', 'a TV', 'a musician', 'a conductor', 'a clock', 'an electrician', 'a conductor', 'a speaker', 'an electrician', 'a conductor', 'a speaker', 'a speaker', 'a conductor']",a conductor,a speaker,a clock,0.0
CreatedBy,CreatedBy,human,parents,"['a person', 'a scientist', 'a musician', 'a human', 'a fish', 'a scientist', 'a woman', 'a doctor', 'a cat', 'a man', 'a computer', 'a dog', 'a dog', 'a musician', 'a hairdresser', 'a person', 'a fish', 'a cat', 'a person', 'a scientist']",a person,a scientist,a musician,0.0
CreatedBy,CreatedBy,a room,building walls,"['a teacher', 'a teacher', 'a theater', 'a teacher', 'a student', 'a book', 'a restaurant', 'a movie', 'a theater', 'a student', 'a book', 'a teacher', 'a writer', 'a teacher', 'a painter', 'a teacher', 'a teacher', 'a teacher', 'a restaurant', 'a teacher']",a teacher,a theater,a student,0.0
CreatedBy,CreatedBy,My jacket,Nollie,"['a musician', 'a teacher', 'a student', 'a photographer', 'a painter', 'a book', 'a teacher', 'a musician', 'a painter', 'a musician', 'a photographer', 'a musician', 'a baker', 'a writer', 'a musician', 'a photographer', 'a student', 'a musician', 'a student', 'a teacher']",a musician,a teacher,a student,0.0
CreatedBy,CreatedBy,source code,a programmer,"['a programmer', 'a book', 'a writer', 'a programmer', 'a composer', 'source code', 'a composer', 'a game', 'a writer', 'a computer', 'a programmer', 'a musician', 'a programmer', 'a user', 'a musician', 'a website', 'a book', 'a programmer', 'a web developer', 'a software engineer']",a programmer,a book,a writer,0.25
CreatedBy,CreatedBy,Hand sanitizer,factories,"['a dental hygienist', 'a hairdresser', 'a doctor', 'a nurse', 'a hand sanitizer', 'a teacher', 'a chef', 'a doctor', 'a painter', 'a dentist', 'a baker', 'a baker', 'a student', 'a nurse', 'a student', 'a musician', 'a teacher', 'a book', 'a baker', 'a painter']",a baker,a doctor,a nurse,0.0
CreatedBy,CreatedBy,light,lamps,"['a musician', 'a painter', 'a painter', 'a musician', 'a musician', 'a painter', 'a movie', 'a book', 'a painter', 'a musician', 'a musician', 'a book', 'a tree', 'a movie', 'a musician', 'a flower', 'a tree', 'a candle', 'a painter', 'a candle']",a musician,a painter,a movie,0.0
CreatedBy,CreatedBy,Emptiness,form,"['a teacher', 'a teacher', 'a painter', 'a musician', 'a person', 'a student', 'a magician', 'a doctor', 'a dancer', 'a writer', 'a teacher', 'a scientist', 'a teacher', 'an artist', 'a teacher', 'a teacher', 'a painter', 'a musician', 'a painter', 'a teacher']",a teacher,a painter,a musician,0.0
CreatedBy,CreatedBy,sensation,nervous system,"['a dancer', 'a musician', 'a person', 'a painter', 'a dancer', 'a dancer', 'a dancer', 'a teacher', 'a musician', 'a musician', 'a book', 'a dancer', 'a dancer', 'a dancer', 'a dancer', 'a dancer', 'a dancer', 'a movie', 'a dancer', 'a musician']",a dancer,a musician,a person,0.0
CreatedBy,CreatedBy,Everything,God,"['everything', 'everything', 'everything', 'everything', 'a book', 'a musician', 'a teacher', 'a teacher', 'everything', 'a writer', 'a writer', 'a painter', 'a musician', 'Everything', 'a movie', 'a doctor', 'everything', 'a painter', 'a scientist', 'everything']",everything,a musician,a teacher,0.0
CreatedBy,CreatedBy,osx,Apple,"['a programmer', 'osx', 'osx', 'a user', 'a computer', 'a game', 'a writer', 'a painter', 'a game', 'a book', 'osx', 'a game', 'a programmer', 'a user', 'a book', 'a tree', 'osx', 'a tree', 'a painter', 'a writer']",osx,a game,a programmer,0.0
CreatedBy,CreatedBy,A set,its elements,"['a book', 'a movie', 'a teacher', 'a teacher', 'a book', 'a game', 'a musician', 'a writer', 'a book', 'a painter', 'a musician', 'a movie', 'a student', 'a writer', 'a student', 'a game', 'a painting', 'a book', 'a dancer', 'a teacher']",a book,a teacher,a movie,0.0
CreatedBy,CreatedBy,a cappella,singers,"['a cappella player', 'a singer/songwriter', 'a pianist', 'a pianist', 'a musician', 'a composer', 'a singer', 'a teacher', 'a violinist', 'a songwriter', 'a dancer', 'a pianist', 'a singer/songwriter', 'a hairdresser', 'a songwriter', 'a singer', 'a singer-songwriter', 'a cappella singer', 'a musician', 'a composer']",a pianist,a singer/songwriter,a musician,0.0
CreatedBy,CreatedBy,music,musicians,"['a musician', 'a dancer', 'a teacher', 'a painter', 'a singer', 'a musician', 'a composer', 'a songwriter', 'a movie', 'a musician', 'a book', 'a songwriter', 'a writer', 'a dancer', 'a performer', 'a teacher', 'a dance', 'a producer', 'a photographer', 'a poet']",a musician,a dancer,a teacher,0.0
CreatedBy,CreatedBy,solar system,gas cloud,"['a scientist', 'a scientist', 'a physicist', 'a star', 'a musician', 'an astronaut', 'a scientist', 'a student', 'a scientist', 'a scientist', 'a sailor', 'a scientist', 'a scientist', 'a scientist', 'a movie', 'a scientist', 'a scientist', 'a scientist', 'a scientist', 'a scientist']",a scientist,a physicist,a star,0.0
CreatedBy,CreatedBy,rock music,rock musicians,"['a singer', 'a singer', 'a band', 'a musician', 'a rock band', 'a singer', 'a band', 'a band', 'a songwriter', 'a singer', 'a musician', 'a video game', 'a singer/songwriter', 'a movie', 'a rock band', 'a musician', 'a drummer', 'a rock band', 'a drummer', 'a songwriter']",a singer,a band,a musician,0.0
CreatedBy,CreatedBy,urine,kidneys,"['a doctor', 'a student', 'a woman', 'a doctor', 'a teacher', 'a fish', 'a doctor', 'a student', 'a cat', 'a doctor', 'a book', 'a fish', 'a beer', 'a student', 'a cat', 'a book', 'a student', 'a beer', 'a student', 'a doctor']",a doctor,a student,a fish,0.0
CreatedBy,CreatedBy,fruit,plants,"['a cake', 'a book', 'a flower', 'a fish', 'a tree', 'a cake', 'a fish', 'a tree', 'a fish', 'a flower', 'a hairdresser', 'a book', 'a fish', 'a flower', 'a tree', 'a cake', 'a game', 'a flower', 'a flower', 'a baker']",a flower,a fish,a cake,0.0
CreatedBy,CreatedBy,a program,programmning,"['a programmer', 'a computer', 'a game', 'a writer', 'a programmer', 'a computer', 'a programmer', 'a computer', 'a teacher', 'a programmer', 'a book', 'a musician', 'a student', 'a writer', 'a programmer', 'a computer', 'a scientist', 'a teacher', 'a game', 'a computer']",a programmer,a computer,a game,0.0
CreatedBy,CreatedBy,weight machine,manufacturing plant,"['a musician', 'a dancer', 'a teacher', 'a doctor', 'a computer', 'a dancer', 'a doctor', 'a dancer', 'a musician', 'a teacher', 'a teacher', 'a computer', 'a teacher', 'a carpenter', 'a carpenter', 'a computer', 'a carpenter', 'a carpenter', 'a dancer', 'a doctor']",a dancer,a teacher,a carpenter,0.0
CreatedBy,CreatedBy,the universe,God,"['a scientist', 'a musician', 'a movie', 'a book', 'a scientist', 'a scientist', 'a physicist', 'a magician', 'a mathematician', 'a painter', 'a scientist', 'a writer', 'a scientist', 'a person', 'a philosopher', 'a computer', 'a movie', 'a musician', 'a book', 'a scientist']",a scientist,a musician,a movie,0.0
CreatedBy,CreatedBy,A robot,botmaster,"['a scientist', 'a robot', 'a teacher', 'a computer', 'a musician', 'a person', 'a writer', 'a teacher', 'a student', 'a scientist', 'a dancer', 'a scientist', 'a writer', 'a person', 'a teacher', 'a computer', 'a writer', 'a teacher', 'a teacher', 'a musician']",a teacher,a scientist,a writer,0.0
CreatedBy,CreatedBy,sensation,brain,"['a dancer', 'a musician', 'a person', 'a painter', 'a dancer', 'a dancer', 'a dancer', 'a teacher', 'a musician', 'a musician', 'a book', 'a dancer', 'a dancer', 'a dancer', 'a dancer', 'a dancer', 'a dancer', 'a movie', 'a dancer', 'a musician']",a dancer,a musician,a person,0.0
CreatedBy,CreatedBy,vinegar,fermentation,"['a cake', 'vinegar', 'a beer', 'a book', 'a tea', 'a cake', 'a fish', 'a salad', 'a tea', 'a beer', 'a bottle', 'a book', 'a cake', 'a flower', 'a fish', 'a flower', 'a tea', 'a beer', 'a baker', 'a bottle']",a cake,a beer,a tea,0.0
CreatedBy,CreatedBy,Confusion,mental illness,"['a teacher', 'a student', 'a student', 'a teacher', 'a teacher', 'a scientist', 'a doctor', 'a teacher', 'a person', 'a magician', 'a professor', 'a musician', 'a doctor', 'a writer', 'a student', 'a child', 'a teacher', 'a dancer', 'a musician', 'a scientist']",a teacher,a student,a scientist,0.0
CreatedBy,CreatedBy,Judaism,Jews,"['a rabbi', 'a rabbi', 'a rabbi', 'Judaism', 'a rabbi', 'Judaism', 'Judaism', 'Judaism', 'a rabbi', 'a musician', 'Judaism', 'a musician', 'a musician', 'a rabbi', 'a rabbi', 'a musician', 'a Jew', 'a Muslim', 'a musician', 'a Jew']",a rabbi,Judaism,a musician,0.0
CreatedBy,CreatedBy,Sometimes a design,non-professional,"['a designer', 'a painter', 'a designer', 'a musician', 'a writer', 'a photographer', 'a designer', 'a painter', 'a teacher', 'a painter', 'a designer', 'a painter', 'a writer', 'a designer', 'a designer', 'a designer', 'a designer', 'a designer', 'a designer', 'a designer']",a designer,a painter,a writer,0.0
CreatedBy,CreatedBy,an orphan,killing a childs parents,"['a teacher', 'a child', 'a student', 'a musician', 'a painter', 'a doctor', 'a teacher', 'a writer', 'a teacher', 'a teacher', 'a teacher', 'a teacher', 'a student', 'a child', 'a teacher', 'a teacher', 'a child', 'a teacher', 'a teacher', 'a teacher']",a teacher,a child,a student,0.0
CreatedBy,CreatedBy,A zygote,the union of a haploid spermatozoon and ovum,"['a student', 'a child', 'a teacher', 'a dog', 'a dog', 'a zygote', 'a person', 'a cat', 'a baby', 'a scientist', 'a teacher', 'a child', 'a teacher', 'a teacher', 'a student', 'a dog', 'a child', 'a teacher', 'a student', 'a person']",a teacher,a student,a child,0.0
CreatedBy,CreatedBy,a cult,an ideology,"['a musician', 'a teacher', 'a member of a cult', 'a magician', 'a priest', 'a witch', 'a teacher', 'a musician', 'a member of a cult', 'a writer', 'a priest', 'a musician', 'a musician', 'a teacher', 'a teacher', 'a magician', 'a cult member', 'a student', 'a teacher', 'a scientist']",a teacher,a musician,a member of a cult,0.0
CreatedBy,CreatedBy,a flame,sparks,"['a hairdresser', 'a painter', 'a tree', 'a tree', 'a hairdresser', 'a baker', 'a painter', 'a flower', 'a painter', 'a flower', 'a dancer', 'a painter', 'a painter', 'a flower', 'a dancer', 'a teacher', 'a dancer', 'a painter', 'a person', 'a painter']",a painter,a flower,a dancer,0.0
CreatedBy,CreatedBy,a program,compiling source code,"['a programmer', 'a computer', 'a game', 'a writer', 'a programmer', 'a computer', 'a programmer', 'a computer', 'a teacher', 'a programmer', 'a book', 'a musician', 'a student', 'a writer', 'a programmer', 'a computer', 'a scientist', 'a teacher', 'a game', 'a computer']",a programmer,a computer,a game,0.0
CreatedBy,CreatedBy,Death,high voltage electricity,"['a doctor', 'a musician', 'a teacher', 'a murderer', 'a dancer', 'a painter', 'a hairdresser', 'a cat', 'a movie', 'a musician', 'a doctor', 'a doctor', 'a cat', 'a doctor', 'a baker', 'a movie', 'a teacher', 'a doctor', 'a student', 'a doctor']",a doctor,a musician,a teacher,0.0
CreatedBy,CreatedBy,Religion,religious leaders,"['a musician', 'a teacher', 'a scientist', 'religion', 'a politician', 'a doctor', 'a writer', 'a musician', 'a philosopher', 'a poet', 'a musician', 'a teacher', 'a teacher', 'a teacher', 'a scientist', 'a doctor', 'a musician', 'a musician', 'a teacher', 'a teacher']",a teacher,a musician,a scientist,0.0
CreatedBy,CreatedBy,Fear,mental illness,"['a teacher', 'a musician', 'a dog', 'a scientist', 'a person', 'a student', 'a magician', 'a child', 'a thief', 'a dog', 'a cat', 'a teacher', 'a musician', 'a cat', 'a dog', 'a writer', 'a scientist', 'a musician', 'a student', 'a teacher']",a teacher,a musician,a dog,0.0
CreatedBy,CreatedBy,a marriage,a wedding,"['a teacher', 'a musician', 'a doctor', 'a teacher', 'a woman', 'a man', 'a movie', 'a doctor', 'a teacher', 'a teacher', 'a painter', 'a musician', 'a teacher', 'a baker', 'a movie', 'a teacher', 'a teacher', 'a woman', 'a dancer', 'a man']",a teacher,a musician,a doctor,0.0
CreatedBy,CreatedBy,tea,steeping tea leaves in hot water,"['a teacher', 'a musician', 'a student', 'a hairdresser', 'a teacher', 'a waiter', 'a teacher', 'a book', 'a hairdresser', 'a baker', 'a musician', 'a teacher', 'a student', 'a movie', 'a book', 'a baker', 'a teacher', 'a painter', 'a dancer', 'a musician']",a teacher,a musician,a student,0.0
CreatedBy,CreatedBy,sensation,stimulus,"['a dancer', 'a musician', 'a person', 'a painter', 'a dancer', 'a dancer', 'a dancer', 'a teacher', 'a musician', 'a musician', 'a book', 'a dancer', 'a dancer', 'a dancer', 'a dancer', 'a dancer', 'a dancer', 'a movie', 'a dancer', 'a musician']",a dancer,a musician,a person,0.0
CreatedBy,CreatedBy,Earth,God,"['a scientist', 'a geologist', 'a scientist', 'a geologist', 'a fish', 'a farmer', 'a scientist', 'a scientist', 'a scientist', 'a geologist', 'a farmer', 'a scientist', 'a scientist', 'a fisherman', 'a scientist', 'a tree', 'a geologist', 'a geologist', 'a scientist', 'a fisherman']",a scientist,a geologist,a farmer,0.0
CreatedBy,CreatedBy,a song,a song writer,"['a singer', 'a teacher', 'a musician', 'a songwriter', 'a dancer', 'a student', 'a teacher', 'a teacher', 'a musician', 'a singer', 'a dancer', 'a musician', 'a performer', 'a teacher', 'a producer', 'a composer', 'a songwriter', 'a book', 'a dancer', 'a songwriter']",a teacher,a musician,a songwriter,0.0
CreatedBy,CreatedBy,a collection,a computer program,"['a book', 'a book', 'a movie', 'a musician', 'a book', 'a painter', 'a writer', 'a musician', 'a photographer', 'a teacher', 'a photographer', 'a painter', 'a painting', 'a teacher', 'a book', 'a painter', 'a photographer', 'a writer', 'a musician', 'a teacher']",a book,a musician,a painter,0.0
CreatedBy,CreatedBy,a dam,engineers,"['a hairdresser', 'a hairdresser', 'a teacher', 'a musician', 'a river', 'a farmer', 'a dancer', 'a fish', 'a fish', 'a teacher', 'a river', 'a baker', 'a painter', 'a fisherman', 'a farmer', 'a painter', 'a fisherman', 'a musician', 'a fisherman', 'a musician']",a musician,a fisherman,a hairdresser,0.0
CreatedBy,CreatedBy,Film,director,"['a musician', 'a musician', 'a movie', 'a movie', 'a film producer', 'a musician', 'a photographer', 'a photographer', 'a filmmaker', 'a filmmaker', 'a movie', 'a composer', 'a musician', 'a film producer', 'a movie producer', 'a musician', 'a writer', 'a painter', 'a photographer', 'a producer']",a musician,a movie,a photographer,0.0
CreatedBy,CreatedBy,Dance,movement,"['a dancer', 'a dancer', 'a dancer', 'a dancer', 'a dancer', 'a dancer', 'a musician', 'a dancer', 'a dancer', 'a dancer', 'a dancer', 'a musician', 'a dancer', 'a dancer', 'a dancer', 'a dancer', 'a dancer', 'a musician', 'a dance instructor', 'a ballet dancer']",a dancer,a musician,a dance instructor,0.0
CreatedBy,CreatedBy,an aisle,making a passageway ,"['a baker', 'a theater', 'a teacher', 'an auditorium', 'a restaurant', 'a bus', 'a baker', 'a store', 'a theater', 'a baker', 'a baker', 'a theater', 'a theater', 'a baker', 'a bus', 'a musician', 'a teacher', 'a store', 'a teacher', 'a theater']",a baker,a theater,a teacher,0.0
CreatedBy,CreatedBy,Enterprise mobility,provisioning mobility related services throughout an enterprise,"['a scientist', 'a business', 'a student', 'a company', 'an engineer', 'a teacher', 'a student', 'a scientist', 'a student', 'a scientist', 'a business', 'a student', 'a student', 'a scientist', 'a teacher', 'a musician', 'a carpenter', 'a carpenter', 'a company', 'an engineer']",a student,a scientist,a business,0.0
CreatedBy,CreatedBy,hormones,glands,"['hormones', 'hormones', 'a doctor', 'a scientist', 'a doctor', 'a woman', 'a doctor', 'a musician', 'a doctor', 'hormones', 'a cat', 'hormones', 'a doctor', 'a doctor', 'a scientist', 'a doctor', 'a doctor', 'a doctor', 'a doctor', 'a doctor']",a doctor,hormones,a scientist,0.0
CreatedBy,CreatedBy,shelves,carpenter,"['shelves', 'shelves', 'a book', 'a store', 'shelves', 'a book', 'a store', 'shelves', 'a teacher', 'a clock', 'a book', 'a teacher', 'a bookseller', 'shelves', 'a bookstore', 'a shopkeeper', 'a clock', 'a storekeeper', 'a store', 'a teacher']",shelves,a book,a store,0.0
CreatedBy,CreatedBy,happiness,satisfaction,"['happiness', 'happiness', 'happiness', 'a musician', 'a musician', 'happiness', 'a person', 'happiness', 'a teacher', 'a scientist', 'a student', 'happiness', 'happiness', 'a lover', 'a doctor', 'a writer', 'a doctor', 'a student', 'a teacher', 'happiness']",happiness,a musician,a teacher,0.0
CreatedBy,CreatedBy,Peace,non voilence,"['a musician', 'a teacher', 'a poet', 'a painter', 'a politician', 'a student', 'a musician', 'a woman', 'a singer', 'a soldier', 'a teacher', 'a musician', 'a singer/songwriter', 'a poet', 'a teacher', 'a musician', 'a musician', 'a painter', 'a poet', 'a movie']",a musician,a teacher,a poet,0.0
CreatedBy,CreatedBy,a smoothie,blending ingredients,"['a baker', 'a tobacconist', 'a baker', 'a cake', 'a book', 'a cake', 'a tobacconist', 'a baker', 'a baker', 'a baker', 'a baker', 'a book', 'a baker', 'a baker', 'a baker', 'a baker', 'a painter', 'a musician', 'a teacher', 'a baker']",a baker,a tobacconist,a cake,0.0
CreatedBy,CreatedBy,A company,a founder,"['a teacher', 'a teacher', 'a musician', 'a business', 'a musician', 'a teacher', 'a retailer', 'a scientist', 'a business', 'a teacher', 'a musician', 'a scientist', 'a manufacturer', 'a producer', 'a doctor', 'a teacher', 'a teacher', 'a businessman', 'a teacher', 'a designer']",a teacher,a musician,a business,0.0
CreatedBy,CreatedBy,freedom,the individual decision to act freely,"['a musician', 'a musician', 'a teacher', 'a student', 'a politician', 'freedom', 'a student', 'a writer', 'freedom fighter', 'a teacher', 'a teacher', 'freedom fighter', 'a musician', 'freedom', 'a farmer', 'a doctor', 'a painter', 'a dancer', 'a teacher', 'a musician']",a musician,a teacher,a student,0.0
CreatedBy,CreatedBy,journal entry,writing,"['a book', 'a writer', 'a book', 'a student', 'a student', 'a teacher', 'a book', 'a musician', 'a writer', 'a musician', 'a scientist', 'a student', 'a writer', 'a writer', 'a journalist', 'a teacher', 'a researcher', 'a book', 'a writer', 'a writer']",a writer,a book,a student,0.0
CreatedBy,CreatedBy,A right,entering into a contract,"['a teacher', 'a teacher', 'a musician', 'a singer/songwriter', 'a painter', 'a writer', 'a student', 'a writer', 'a painter', 'a teacher', 'a singer', 'a scientist', 'a musician', 'a teacher', 'a student', 'a teacher', 'a teacher', 'a teacher', 'a student', 'a musician']",a teacher,a musician,a student,0.0
CreatedBy,CreatedBy,Houses,builders,"['a housekeeper', 'a farmer', 'a farmer', 'a hairdresser', 'a housekeeper', 'a housewife', 'a teacher', 'a teacher', 'a school', 'a musician', 'a school', 'a housekeeper', 'a doctor', 'a painter', 'a carpenter', 'a housewife', 'a musician', 'a baker', 'a house painter', 'a housekeeper']",a housekeeper,a farmer,a housewife,0.0
CreatedBy,CreatedBy,a zygote,a sperm and an egg cell,"['a student', 'a teacher', 'a child', 'a dog', 'a dog', 'a zygote', 'a person', 'a cat', 'a teacher', 'a cat', 'a student', 'a child', 'a teacher', 'a teacher', 'a child', 'a cat', 'a dog', 'a student', 'a student', 'a dog']",a student,a teacher,a dog,0.0
CreatedBy,CreatedBy,Sometimes a design,a community,"['a designer', 'a painter', 'a designer', 'a musician', 'a writer', 'a photographer', 'a designer', 'a painter', 'a teacher', 'a painter', 'a designer', 'a painter', 'a writer', 'a designer', 'a designer', 'a designer', 'a designer', 'a designer', 'a designer', 'a designer']",a designer,a painter,a writer,0.0
CreatedBy,CreatedBy,wine,frementing grapes,"['a movie', 'a musician', 'a book', 'a dancer', 'a painter', 'a movie', 'a book', 'a musician', 'a movie', 'a beer', 'a painter', 'a dancer', 'a game', 'a tea', 'a cigar', 'a tea', 'a singer/songwriter', 'a singer', 'a beer', 'a teacher']",a movie,a musician,a book,0.0
CreatedBy,CreatedBy,information,discovery,"['information', 'a musician', 'information', 'a student', 'information', 'a teacher', 'a writer', 'a book', 'a writer', 'a scientist', 'a photographer', 'a teacher', 'a scientist', 'a musician', 'a doctor', 'a teacher', 'a scientist', 'a journalist', 'a student', 'a book']",information,a teacher,a scientist,0.0
CreatedBy,CreatedBy,a novel,a writer,"['a writer', 'a book', 'a movie', 'a writer', 'a painter', 'a novelist', 'a writer', 'a movie', 'a book', 'a teacher', 'a movie', 'a musician', 'a book', 'a writer', 'a book', 'a writer', 'a painter', 'a novelist', 'a cook', 'a painter']",a writer,a book,a movie,0.25
CreatedBy,CreatedBy,Plutonium ,manufactures ,"['a scientist', 'a physicist', 'a scientist', 'a musician', 'a pizza', 'a professor', 'a pie', 'a composer', 'a painter', 'a philosopher', 'a pipe', 'a singer', 'a writer', 'a scientist', 'a scientist', 'a scientist', 'a scientist', 'a scientist', 'a scientist', 'a scientist']",a scientist,a physicist,a musician,0.0
CreatedBy,CreatedBy,mistake,people,"['a teacher', 'a student', 'a writer', 'a musician', 'a teacher', 'a book', 'a painter', 'a dancer', 'a teacher', 'a book', 'a movie', 'a student', 'a teacher', 'a student', 'a musician', 'a teacher', 'a dancer', 'a student', 'a teacher', 'a writer']",a teacher,a student,a writer,0.0
CreatedBy,CreatedBy,A motorcycle,motorcycle manufacturer,"['a hairdresser', 'a musician', 'a teacher', 'a motorcyclist', 'a motorcyclist', 'a musician', 'a teacher', 'a musician', 'a dancer', 'a skateboarder', 'a painter', 'a dancer', 'a motorcyclist', 'a musician', 'a carpenter', 'a carpenter', 'a cyclist', 'a photographer', 'a teacher', 'a dancer']",a musician,a teacher,a motorcyclist,0.0
CreatedBy,CreatedBy,a computer program,programming,"['a computer programmer', 'a programmer', 'a computer programmer', 'a game', 'a computer programmer', 'a teacher', 'a scientist', 'a book', 'a video game', 'a musician', 'a computer programmer', 'a student', 'a programmer', 'a programmer', 'a computer programmer', 'a computer programmer', 'a person', 'a musician', 'a programmer', 'a musician']",a computer programmer,a programmer,a musician,0.0
CreatedBy,CreatedBy,money,banks,"['a musician', 'a musician', 'a teacher', 'a musician', 'a teacher', 'a painter', 'a musician', 'a doctor', 'a writer', 'a movie', 'a politician', 'a painter', 'a politician', 'a musician', 'a writer', 'a businessman', 'a book', 'a musician', 'a bank', 'a student']",a musician,a teacher,a painter,0.0
CreatedBy,CreatedBy,death,suicide,"['a doctor', 'a teacher', 'a musician', 'a student', 'a cat', 'a hairdresser', 'a movie', 'a musician', 'a cat', 'a student', 'a movie', 'a doctor', 'a doctor', 'a doctor', 'a teacher', 'a doctor', 'a teacher', 'a baker', 'a baker', 'a teacher']",a doctor,a teacher,a musician,0.0
CreatedBy,CreatedBy,art,an artist,"['a painter', 'a painter', 'a musician', 'a musician', 'a painter', 'a painter', 'a musician', 'a painter', 'a painter', 'a musician', 'an artist', 'a dancer', 'a writer', 'a photographer', 'a musician', 'a painter', 'a teacher', 'a painter', 'a painter', 'a painter']",a painter,a musician,an artist,0.05
CreatedBy,CreatedBy,wisdom,learning experiences,"['a teacher', 'a teacher', 'a teacher', 'a doctor', 'a philosopher', 'a teacher', 'a poet', 'a magician', 'a teacher', 'a teacher', 'a writer', 'a teacher', 'a scientist', 'a doctor', 'a doctor', 'a mathematician', 'a teacher', 'a musician', 'a poet', 'wisdom']",a teacher,a doctor,a poet,0.0
CreatedBy,CreatedBy,Fruit,trees,"['a cake', 'a flower', 'a flower', 'a book', 'a musician', 'a musician', 'a farmer', 'a hairdresser', 'a fish', 'a fish', 'a dog', 'a baker', 'a scientist', 'a painter', 'a person', 'a game', 'a cake', 'a gardener', 'a book', 'a flower']",a flower,a cake,a book,0.0
CreatedBy,CreatedBy,heat,fire,"['a smoker', 'a cook', 'a baker', 'a fire', 'a smoker', 'a smoker', 'a smoker', 'a cake', 'a smoker', 'a painter', 'a cook', 'a baker', 'a baker', 'a cake', 'a smoker', 'a baker', 'a baker', 'a smoker', 'a painter', 'a cook']",a smoker,a baker,a cook,0.05
CreatedBy,CreatedBy,Eucharist,consecration,"['a priest', 'a priest', 'a priest', 'a priest', 'a priest', 'a priest', 'a teacher', 'a priest', 'a priest', 'a priest', 'a nun', 'a priest', 'a priest', 'a rabbi', 'a priest', 'a doctor', 'a baker', 'a priest', 'a priest', 'a priest']",a priest,a teacher,a nun,0.0
CreatedBy,CreatedBy,monolith,shaping stone,"['monolith', 'monolith', 'monoliths', 'monoliths', 'a musician', 'monolith', 'a museum', 'a painter', 'monoliths', 'a painting', 'a painting', 'a book', 'a musician', 'monolith', 'a book', 'monoliths', 'a musician', 'monolith', 'monolith', 'monoliths']",monolith,monoliths,a musician,0.0
CreatedBy,CreatedBy,table,carpenter,"['a book', 'a book', 'a book', 'a table', 'a teacher', 'a restaurant', 'table', 'a writer', 'a game', 'a teacher', 'a movie', 'a cake', 'a clock', 'a book', 'a writer', 'a book', 'a musician', 'a game', 'a musician', 'a student']",a book,a teacher,a writer,0.0
CreatedBy,CreatedBy,Sometimes a design,concensus,"['a designer', 'a painter', 'a designer', 'a musician', 'a writer', 'a photographer', 'a designer', 'a painter', 'a teacher', 'a painter', 'a designer', 'a painter', 'a writer', 'a designer', 'a designer', 'a designer', 'a designer', 'a designer', 'a designer', 'a designer']",a designer,a painter,a writer,0.0
CreatedBy,CreatedBy,programs,programming,"['a programmer', 'a computer', 'a writer', 'a scientist', 'a teacher', 'a musician', 'a computer programmer', 'a student', 'a programmer', 'a book', 'a programmer', 'a game', 'a programmer', 'a programmer', 'a musician', 'a writer', 'a computer', 'a computer', 'a computer', 'a writer']",a programmer,a computer,a writer,0.0
CreatedBy,CreatedBy,faith,experience,"['a teacher', 'a priest', 'a teacher', 'a musician', 'a doctor', 'a scientist', 'a rabbi', 'a Christian', 'a poet', 'a priest', 'a doctor', 'faith', 'a teacher', 'a priest', 'a teacher', 'a rabbi', 'a priest', 'a teacher', 'a scientist', 'a teacher']",a teacher,a priest,a doctor,0.0
CreatedBy,CreatedBy,a sentence,a person,"['a teacher', 'a book', 'a writer', 'a teacher', 'a writer', 'a writer', 'a book', 'a student', 'a teacher', 'a teacher', 'a person', 'a writer', 'a movie', 'a teacher', 'a writer', 'a teacher', 'a teacher', 'a writer', 'a poem', 'a student']",a teacher,a writer,a book,0.05
CreatedBy,CreatedBy,A car ,a car factory like Toyota.,"['a hairdresser', 'a teacher', 'a musician', 'a teacher', 'a musician', 'a teacher', 'a car salesman', 'a painter', 'a painter', 'a musician', 'a carpenter', 'a dancer', 'a musician', 'a musician', 'a baker', 'a dancer', 'a motorcyclist', 'a carpenter', 'a photographer', 'a teacher']",a musician,a teacher,a painter,0.0
CreatedBy,CreatedBy,wine,fermentation,"['a movie', 'a musician', 'a book', 'a dancer', 'a painter', 'a movie', 'a book', 'a musician', 'a movie', 'a beer', 'a painter', 'a dancer', 'a game', 'a tea', 'a cigar', 'a tea', 'a singer/songwriter', 'a singer', 'a beer', 'a teacher']",a movie,a musician,a book,0.0
CreatedBy,CreatedBy,taking over the world,a scheme,"['a scientist', 'a teacher', 'a musician', 'a doctor', 'a politician', 'a student', 'a painter', 'a person', 'a writer', 'a student', 'a musician', 'a teacher', 'a doctor', 'a scientist', 'a painter', 'taking over the world', 'a businessman', 'a politician', 'a writer', 'a scientist']",a scientist,a teacher,a musician,0.0
CreatedBy,CreatedBy,gnocchi,chef,"['a chef', 'a pizza', 'a baker', 'a musician', 'a chef', 'a cook', 'a magician', 'a fish', 'a cake', 'a chicken', 'a book', 'a game', 'a baker', 'a pizza', 'a chef', 'a connoisseur', 'a fish', 'a cat', 'a chef', 'a chef']",a chef,a pizza,a baker,0.25
CreatedBy,CreatedBy,friendship,trust,"['a friend', 'a friend', 'a musician', 'a teacher', 'friendship', 'a student', 'a lover', 'friendship', 'a student', 'a teacher', 'a friend', 'a musician', 'a teacher', 'a lover', 'a friend', 'a teacher', 'a lover', 'a friend', 'a musician', 'a lover']",a friend,a teacher,a lover,0.0
CreatedBy,CreatedBy,liquid,melting a solid,"['a book', 'a beer', 'a fish', 'a bottle', 'a cake', 'a drink', 'a bottle', 'a fish', 'a movie', 'a book', 'a tea', 'a cake', 'a beer', 'a drink', 'a tea', 'a movie', 'a bottle', 'a baker', 'a fish', 'a drink']",a fish,a bottle,a drink,0.0
CreatedBy,CreatedBy,wooden artifacts,carpenter,"['a tree', 'a painting', 'a book', 'a tree', 'a clock', 'a painting', 'a book', 'a tree', 'a painter', 'a painting', 'a fish', 'a boat', 'a clock', 'a musician', 'a game', 'a book', 'a ship', 'a cat', 'a horse', 'a lamp']",a tree,a painting,a book,0.0
CreatedBy,CreatedBy,paint,manufacture,"['a painter', 'a painter', 'a painter', 'a painter', 'a painter', 'a book', 'a painter', 'a painter', 'a painter', 'a musician', 'a painter', 'a painter', 'a painter', 'a painter', 'a photographer', 'a photographer', 'a painter', 'a painter', 'a painter', 'a painter']",a painter,a photographer,a book,0.0
CreatedBy,CreatedBy,Poop,life,"['a painter', 'a poet', 'a musician', 'a writer', 'a poem', 'a book', 'a painter', 'a painter', 'a painter', 'a poet', 'a writer', 'a painter', 'a singer/songwriter', 'a painter', 'a writer', 'a painter', 'a book', 'a poem', 'a songwriter', 'a poet']",a painter,a poet,a writer,0.0
CreatedBy,CreatedBy,a socialist,the political ideology of socialism,"['a politician', 'a teacher', 'a student', 'a socialist', 'a musician', 'a poet', 'a writer', 'a journalist', 'a communist', 'a politician', 'a politician', 'a teacher', 'a politician', 'a politician', 'a teacher', 'a politician', 'a politician', 'a teacher', 'a teacher', 'a politician']",a politician,a teacher,a student,0.0
CreatedBy,CreatedBy,The mind,thought,"['a scientist', 'a scientist', 'a musician', 'a person', 'a person', 'a writer', 'a musician', 'a teacher', 'a writer', 'a painter', 'a psychologist', 'a doctor', 'a teacher', 'a painter', 'a writer', 'a psychologist', 'a scientist', 'a doctor', 'a scientist', 'a philosopher']",a scientist,a writer,a musician,0.0
CreatedBy,CreatedBy,sword,blacksmith,"['a sailor', 'a soldier', 'a samurai', 'a dancer', 'a swordsman', 'a painter', 'a thief', 'a magician', 'a sailor', 'a soldier', 'a samurai', 'a painter', 'a dancer', 'a sailor', 'a dancer', 'a knight', 'a magician', 'a soldier', 'a painter', 'a sailor']",a sailor,a soldier,a dancer,0.0
CreatedBy,CreatedBy,marijuana,growing it,"['alcohol', 'a smoker', 'a doctor', 'a musician', 'a smoker', 'a doctor', 'alcohol', 'alcohol', 'a musician', 'alcohol', 'alcohol', 'a movie', 'a doctor', 'a smoker', 'a musician', 'a musician', 'a doctor', 'a smoker', 'a drug dealer', 'a musician']",alcohol,a musician,a smoker,0.0
CreatedBy,CreatedBy,sound,vibrating air,"['a musician', 'a book', 'a musician', 'a songwriter', 'a musician', 'a dancer', 'a singer', 'a teacher', 'a movie', 'a painter', 'a musician', 'a dancer', 'a video game', 'a writer', 'a singer', 'a game', 'a musician', 'a painter', 'a book', 'a teacher']",a musician,a book,a dancer,0.0
CreatedBy,CreatedBy,sound,vibrating air,"['a musician', 'a book', 'a musician', 'a songwriter', 'a musician', 'a dancer', 'a singer', 'a teacher', 'a movie', 'a painter', 'a musician', 'a dancer', 'a video game', 'a writer', 'a singer', 'a game', 'a musician', 'a painter', 'a book', 'a teacher']",a musician,a book,a dancer,0.0
CreatedBy,CreatedBy,a list,a computer program,"['a book', 'a book', 'a writer', 'a movie', 'a writer', 'a teacher', 'a teacher', 'a musician', 'a student', 'a book', 'a game', 'a person', 'a musician', 'a student', 'a teacher', 'a writer', 'a movie', 'a writer', 'a painter', 'a person']",a writer,a book,a teacher,0.0
CreatedBy,CreatedBy,A human,a sperm and an egg,"['a scientist', 'a person', 'a hairdresser', 'a musician', 'a person', 'a scientist', 'a scientist', 'a fish', 'a dog', 'a woman', 'a scientist', 'a dog', 'a person', 'a scientist', 'a cat', 'a doctor', 'a child', 'a scientist', 'a scientist', 'a man']",a scientist,a person,a dog,0.0
CreatedBy,CreatedBy,Extinction of humans,global thermonuclear war,"['a scientist', 'a scientist', 'a scientist', 'a cat', 'a scientist', 'a fish', 'a chimpanzee', 'a geologist', 'a biologist', 'a scientist', 'a penguin', 'a man', 'a hunter-gatherer', 'a bird', 'a person', 'a planet', 'a hunter', 'a tree', 'a dog', 'a scientist']",a scientist,a cat,a fish,0.0
CreatedBy,CreatedBy,wine,fermenting grapes,"['a movie', 'a musician', 'a book', 'a dancer', 'a painter', 'a movie', 'a book', 'a musician', 'a movie', 'a beer', 'a painter', 'a dancer', 'a game', 'a tea', 'a cigar', 'a tea', 'a singer/songwriter', 'a singer', 'a beer', 'a teacher']",a movie,a musician,a book,0.0
CreatedBy,CreatedBy,Alloy,Combining metals,"['a baker', 'a musician', 'a painter', 'a baker', 'a teacher', 'a baker', 'a baker', 'a painter', 'a baker', 'a baker', 'a baker', 'a teacher', 'a musician', 'a baker', 'a painter', 'a baker', 'a baker', 'a baker', 'a chef', 'a baker']",a baker,a painter,a musician,0.0
CreatedBy,CreatedBy,an article,a writer,"['a writer', 'a book', 'a magazine', 'a writer', 'a book', 'a newspaper', 'a magazine', 'a teacher', 'a magazine', 'a journalist', 'an author', 'a journalist', 'a writer', 'a newspaper', 'an artist', 'a book', 'a newspaper', 'a teacher', 'a teacher', 'a journalist']",a writer,a book,a magazine,0.15
CreatedBy,CreatedBy,taking over the world,planning,"['a scientist', 'a teacher', 'a musician', 'a doctor', 'a politician', 'a student', 'a painter', 'a person', 'a writer', 'a student', 'a musician', 'a teacher', 'a doctor', 'a scientist', 'a painter', 'taking over the world', 'a businessman', 'a politician', 'a writer', 'a scientist']",a scientist,a teacher,a musician,0.0
CreatedBy,CreatedBy,jazz,jazz musicians,"['a musician', 'a singer', 'a songwriter', 'a dancer', 'a pianist', 'a musician', 'a singer', 'a dancer', 'a musician', 'a composer', 'a musician', 'a drummer', 'a pianist', 'a musician', 'a singer', 'a singer', 'a singer/songwriter', 'a singer', 'a musician', 'a composer']",a musician,a singer,a dancer,0.0
CreatedBy,CreatedBy,a zygote,fertilization,"['a student', 'a teacher', 'a child', 'a dog', 'a dog', 'a zygote', 'a person', 'a cat', 'a teacher', 'a cat', 'a student', 'a child', 'a teacher', 'a teacher', 'a child', 'a cat', 'a dog', 'a student', 'a student', 'a dog']",a student,a teacher,a dog,0.0
CreatedBy,CreatedBy,an orphan,giving your child away,"['a teacher', 'a child', 'a student', 'a musician', 'a painter', 'a doctor', 'a teacher', 'a writer', 'a teacher', 'a teacher', 'a teacher', 'a teacher', 'a student', 'a child', 'a teacher', 'a teacher', 'a child', 'a teacher', 'a teacher', 'a teacher']",a teacher,a child,a student,0.0
CreatedBy,CreatedBy,pirated software,crackers,"['a video game', 'a movie', 'a video game', 'a game', 'a musician', 'a computer', 'a movie', 'a game', 'a video game', 'a movie', 'a video game', 'a thief', 'a video game', 'a pirate', 'a game', 'a film', 'a book', 'a movie', 'a video game', 'a movie']",a video game,a movie,a game,0.0
CreatedBy,CreatedBy,A news article,a reporter,"['a journalist', 'a journalist', 'a writer', 'a reporter', 'a newspaper', 'a writer', 'a journalist', 'a journalist', 'a student', 'a writer', 'a newspaper', 'a reporter', 'a politician', 'a journalist', 'a teacher', 'a reporter', 'a newspaper', 'a teacher', 'a writer', 'a journalist']",a journalist,a writer,a reporter,0.15
CreatedBy,CreatedBy,steak,butchering a cow,"['a dancer', 'a chef', 'a cook', 'a waiter', 'a musician', 'a baker', 'a hairdresser', 'a chicken', 'a chef', 'a baker', 'a baker', 'a waiter', 'a dancer', 'a cook', 'a hairdresser', 'a chicken', 'a dancer', 'a chef', 'a musician', 'a chef']",a chef,a dancer,a baker,0.0
CreatedBy,CreatedBy,Beer,fermentation,"['a brewer', 'a brewer', 'a musician', 'a brewer', 'a musician', 'a baker', 'a baker', 'a hairdresser', 'a brewer', 'a brewer', 'a brewer', 'a musician', 'a brewer', 'a brewer', 'a pizza', 'a brewer', 'a musician', 'a cake', 'a brewer', 'a baker']",a brewer,a musician,a baker,0.0
CreatedBy,CreatedBy,Objectivism,Ayn Rand,"['a philosopher', 'a philosopher', 'a philosopher', 'a writer', 'a scientist', 'a politician', 'a philosopher', 'a philosopher', 'a philosopher', 'a writer', 'a scientist', 'an atheist', 'a politician', 'a feminist', 'a journalist', 'a philosopher', 'a philosopher', 'a philosopher', 'a scientist', 'a teacher']",a philosopher,a scientist,a writer,0.0
CreatedBy,CreatedBy,Misunderstanding,mental illness,"['a teacher', 'a student', 'a musician', 'a musician', 'a teacher', 'a writer', 'a student', 'a musician', 'a painter', 'a teacher', 'a professor', 'a scientist', 'a person', 'a woman', 'a book', 'a painter', 'a writer', 'a professor', 'a teacher', 'a scientist']",a teacher,a musician,a student,0.0
CreatedBy,CreatedBy,color,neurological processes,"['a painter', 'a colorist', 'a book', 'color', 'a movie', 'a musician', 'a painter', 'a painting', 'a colorist', 'a book', 'a picture', 'a musician', 'a painter', 'color', 'a clock', 'a painter', 'a musician', 'a game', 'a movie', 'a painter']",a painter,a musician,a colorist,0.0
CreatedBy,CreatedBy,text,typing,"['a book', 'a book', 'a writer', 'a movie', 'a teacher', 'a book', 'text', 'a movie', 'a musician', 'a student', 'a teacher', 'a writer', 'a musician', 'a student', 'a game', 'a writer', 'a movie', 'a writer', 'a painter', 'a writer']",a writer,a book,a movie,0.0
CreatedBy,CreatedBy,a cell,cell division,"['a teacher', 'a teacher', 'a book', 'a musician', 'a movie', 'a computer', 'a writer', 'a teacher', 'a writer', 'a person', 'a student', 'a musician', 'a book', 'a teacher', 'a computer', 'a person', 'a teacher', 'a student', 'a musician', 'a doctor']",a teacher,a musician,a book,0.0
CreatedBy,CreatedBy,culture,people interacting,"['a musician', 'a musician', 'a teacher', 'a writer', 'a musician', 'culture', 'a musician', 'a painter', 'a musician', 'a writer', 'a painter', 'a musician', 'a musician', 'a teacher', 'a painter', 'a writer', 'a musician', 'a scientist', 'culture', 'an artist']",a musician,a writer,a painter,0.0
CreatedBy,CreatedBy,A Machine,people,"['a musician', 'a computer', 'a musician', 'a scientist', 'a musician', 'a programmer', 'a painter', 'a computer', 'a teacher', 'a musician', 'a musician', 'a musician', 'a painter', 'a painter', 'a mathematician', 'a scientist', 'a teacher', 'a musician', 'a musician', 'a musician']",a musician,a painter,a computer,0.0
CreatedBy,CreatedBy,A child,the act of sex,"['a teacher', 'a teacher', 'a child', 'a child', 'a child', 'a student', 'a teacher', 'a student', 'a teacher', 'a teacher', 'a teacher', 'a child', 'a person', 'a teacher', 'a teacher', 'a teacher', 'a teacher', 'a child', 'a teacher', 'a teacher']",a teacher,a child,a student,0.0
CreatedBy,CreatedBy,emotion,feeling,"['a person', 'a musician', 'emotion', 'a dancer', 'a teacher', 'a scientist', 'a writer', 'a student', 'a painter', 'a musician', 'a person', 'a book', 'a movie', 'a musician', 'a dancer', 'a person', 'a person', 'a person', 'a book', 'a person']",a person,a musician,a dancer,0.0
CreatedBy,CreatedBy,sentience,complex interactions of neurons,"['a teacher', 'sentience', 'sentience', 'a student', 'a writer', 'a scientist', 'a student', 'a person', 'a musician', 'a waiter', 'sentience', 'a teacher', 'a musician', 'sentience', 'a teacher', 'sentience', 'a student', 'a teacher', 'a scientist', 'a student']",sentience,a teacher,a student,0.0
CreatedBy,CreatedBy,everything,ideas,"['everything', 'everything', 'a book', 'everything', 'everything', 'a musician', 'a teacher', 'a book', 'a teacher', 'a movie', 'a musician', 'everything', 'a writer', 'everything', 'everything', 'a painter', 'a writer', 'a doctor', 'everything', 'everything']",everything,a book,a musician,0.0
CreatedBy,CreatedBy,a cake,baking it,"['a baker', 'a baker', 'a student', 'a baker', 'a baker', 'a baker', 'a student', 'a baker', 'a baker', 'a student', 'a student', 'a baker', 'a student', 'a baker', 'a baker', 'a baker', 'a baker', 'a baker', 'a student', 'a baker']",a baker,a student,,0.0
CreatedBy,CreatedBy,Form,emptiness,"['a musician', 'a writer', 'a dancer', 'a musician', 'a photographer', 'a musician', 'a singer', 'a painter', 'a composer', 'a scientist', 'a teacher', 'a singer/songwriter', 'a dancer', 'a book', 'a singer', 'a composer', 'a writer', 'a musician', 'a photographer', 'a painter']",a musician,a writer,a dancer,0.0
CreatedBy,CreatedBy,"""The Hitchhiker's Guide to the Galaxy""",Douglas Adams,"['""The Hitchhiker\'s Guide to the Galaxy""', 'a book', 'a movie', 'a book', 'a musician', 'a musician', 'a writer', 'a hairdresser', 'a movie', 'a movie', 'a writer', 'a writer', 'a scientist', 'a musician', 'a book', 'a student', 'a hairdresser', 'a game', 'a film', 'a book']",a book,a movie,a musician,0.0
CreatedBy,CreatedBy,friendship,two people,"['a friend', 'a friend', 'a musician', 'a teacher', 'friendship', 'a student', 'a lover', 'friendship', 'a student', 'a teacher', 'a friend', 'a musician', 'a teacher', 'a lover', 'a friend', 'a teacher', 'a lover', 'a friend', 'a musician', 'a lover']",a friend,a teacher,a lover,0.0
CreatedBy,CreatedBy,a viola,a luthier,"['a singer', 'a pianist', 'a musician', 'a violinist', 'a singer', 'a singer', 'a violinist', 'a dancer', 'a violinist', 'a singer/songwriter', 'a violin', 'a drummer', 'a musician', 'a violin', 'a musician', 'a singer', 'a violinist', 'a singer', 'a trombone player', 'a singer/songwriter']",a singer,a violinist,a musician,0.0
CreatedBy,CreatedBy,smoke alarm,manufacture,"['a smoker', 'a teacher', 'a smoker', 'a smoker', 'a car', 'a fire alarm', 'a cigarette', 'a TV', 'a smoker', 'a pipe', 'a smoker', 'a smoker', 'a cigarette', 'a smoker', 'a TV', 'a smoker', 'a smokestack', 'a car', 'a pipe', 'a smoker']",a smoker,a car,a cigarette,0.0
CreatedBy,CreatedBy,A building,tradesmen,"['a teacher', 'a teacher', 'a restaurant', 'a painter', 'a teacher', 'a school', 'a teacher', 'a teacher', 'a teacher', 'a painter', 'a restaurant', 'a restaurant', 'a painter', 'a carpenter', 'a baker', 'a painter', 'a teacher', 'a painter', 'a person', 'a teacher']",a teacher,a painter,a restaurant,0.0
CreatedBy,CreatedBy,Milk,cows,"['a musician', 'a baker', 'a baker', 'milk', 'a cake', 'a musician', 'a musician', 'a farmer', 'a baker', 'a musician', 'a musician', 'a farmer', 'milk', 'a baker', 'a baker', 'milk', 'a musician', 'a musician', 'a farmer', 'a baker']",a musician,a baker,milk,0.0
CreatedBy,CreatedBy,death,homicide,"['a doctor', 'a teacher', 'a musician', 'a student', 'a cat', 'a hairdresser', 'a movie', 'a musician', 'a cat', 'a student', 'a movie', 'a doctor', 'a doctor', 'a doctor', 'a teacher', 'a doctor', 'a teacher', 'a baker', 'a baker', 'a teacher']",a doctor,a teacher,a musician,0.0
CreatedBy,CreatedBy,Islam,Muhammad,"['a Muslim', 'a musician', 'a Muslim', 'a Muslim', 'a Muslim', 'a politician', 'a musician', 'a musician', 'a poet', 'a rabbi', 'a writer', 'a Christian', 'a poet', 'a Muslim', 'a movie', 'a Muslim', 'a Christian', 'a musician', 'a musician', 'a politician']",a Muslim,a musician,a politician,0.0
CreatedBy,CreatedBy,a book,an author,"['a bookseller', 'a bookseller', 'a bookseller', 'a teacher', 'a writer', 'a bookseller', 'a musician', 'a movie', 'a painter', 'a cook', 'a painter', 'a bookseller', 'a bookseller', 'a bookseller', 'a writer', 'a musician', 'a teacher', 'a movie', 'a teacher', 'a writer']",a bookseller,a teacher,a writer,0.0
CreatedBy,CreatedBy,Death,nuclear weapons,"['a doctor', 'a musician', 'a teacher', 'a murderer', 'a dancer', 'a painter', 'a hairdresser', 'a cat', 'a movie', 'a musician', 'a doctor', 'a doctor', 'a cat', 'a doctor', 'a baker', 'a movie', 'a teacher', 'a doctor', 'a student', 'a doctor']",a doctor,a musician,a teacher,0.0
CreatedBy,CreatedBy,Beer,the fermentation of hops,"['a brewer', 'a brewer', 'a musician', 'a brewer', 'a musician', 'a baker', 'a baker', 'a hairdresser', 'a brewer', 'a brewer', 'a brewer', 'a musician', 'a brewer', 'a brewer', 'a pizza', 'a brewer', 'a musician', 'a cake', 'a brewer', 'a baker']",a brewer,a musician,a baker,0.0
CreatedBy,CreatedBy,baby,IVF,"['a child', 'a teacher', 'a student', 'a girl', 'a child', 'a boy', 'a musician', 'a woman', 'a baby', 'a dog', 'a man', 'a child', 'a teacher', 'a cat', 'a child', 'a cat', 'a baker', 'a child', 'a student', 'a baker']",a child,a teacher,a student,0.0
CreatedBy,CreatedBy,A child,birth,"['a teacher', 'a teacher', 'a child', 'a child', 'a child', 'a student', 'a teacher', 'a student', 'a teacher', 'a teacher', 'a teacher', 'a child', 'a person', 'a teacher', 'a teacher', 'a teacher', 'a teacher', 'a child', 'a teacher', 'a teacher']",a teacher,a child,a student,0.0
CreatedBy,CreatedBy,mutant,mad scientist,"['mutant', 'a scientist', 'a mutant', 'mutant', 'a mutant', 'a scientist', 'a monster', 'a magician', 'a witch', 'mutant', 'a monkey', 'a wizard', 'a scientist', 'a scientist', 'a scientist', 'a scientist', 'a scientist', 'mutant', 'a scientist', 'a scientist']",a scientist,mutant,a mutant,0.0
CreatedBy,CreatedBy,fruit,plant,"['a cake', 'a book', 'a flower', 'a fish', 'a tree', 'a cake', 'a fish', 'a tree', 'a fish', 'a flower', 'a hairdresser', 'a book', 'a fish', 'a flower', 'a tree', 'a cake', 'a game', 'a flower', 'a flower', 'a baker']",a flower,a fish,a cake,0.0
CreatedBy,CreatedBy,Utilitarianism,Jeremy Bentham,"['a philosopher', 'a scientist', 'a politician', 'utilitarianism', 'a philosopher', 'a philosopher', 'a philosopher', 'an economist', 'a teacher', 'a philosopher', 'a mathematician', 'a philosopher', 'a scientist', 'a philosopher', 'a philosopher', 'a utilitarian', 'a scientist', 'a philosopher', 'a philosopher', 'a politician']",a philosopher,a scientist,a politician,0.0
CreatedBy,CreatedBy,A boob,fat,"['a hairdresser', 'a boob-maker', 'a baker', 'a musician', 'a musician', 'a tree', 'a musician', 'a baker', 'a musician', 'a dog', 'a tree', 'a bird', 'a baker', 'a dog', 'a painter', 'a person', 'a bird', 'a musician', 'a dog', 'a carpenter']",a musician,a baker,a dog,0.0
CreatedBy,CreatedBy,Sometimes a design,students,"['a designer', 'a painter', 'a designer', 'a musician', 'a writer', 'a photographer', 'a designer', 'a painter', 'a teacher', 'a painter', 'a designer', 'a painter', 'a writer', 'a designer', 'a designer', 'a designer', 'a designer', 'a designer', 'a designer', 'a designer']",a designer,a painter,a writer,0.0
CreatedBy,CreatedBy,worry,uncertainty,"['a teacher', 'a student', 'a writer', 'a scientist', 'a musician', 'a person', 'a doctor', 'a painter', 'a cat', 'a book', 'a teacher', 'a student', 'a cat', 'a writer', 'a book', 'a student', 'a teacher', 'a student', 'a scientist', 'a person']",a student,a teacher,a writer,0.0
CreatedBy,CreatedBy,a ghost,death,"['a teacher', 'a painter', 'a writer', 'a musician', 'a scientist', 'a magician', 'a student', 'a writer', 'a teacher', 'a painter', 'a painter', 'a writer', 'a writer', 'a teacher', 'a writer', 'a writer', 'a musician', 'a teacher', 'a painter', 'a scientist']",a writer,a teacher,a painter,0.0
CreatedBy,CreatedBy,Linux,the community,"['a musician', 'a computer', 'a programmer', 'a video game', 'a computer programmer', 'a game', 'a musician', 'a computer', 'a movie', 'a musician', 'a computer', 'a software engineer', 'a writer', 'a programmer', 'a book', 'a musician', 'a student', 'a computer', 'a video game', 'a musician']",a musician,a computer,a programmer,0.0
CreatedBy,CreatedBy,beam,cutting wood,"['a musician', 'a clock', 'a hairdresser', 'a clock', 'a tree', 'a tree', 'a hairdresser', 'a clock', 'a tree', 'a telescope', 'a computer', 'a painter', 'a speaker', 'a physicist', 'a musician', 'a computer', 'a bird', 'a computer', 'a carpenter', 'a lighthouse']",a clock,a tree,a computer,0.0
CreatedBy,CreatedBy,An obligation,entering into a contract,"['a teacher', 'a teacher', 'a student', 'a teacher', 'a teacher', 'a teacher', 'a teacher', 'a student', 'a teacher', 'a teacher', 'a teacher', 'a teacher', 'a student', 'a teacher', 'a teacher', 'a person', 'a priest', 'a teacher', 'a teacher', 'a teacher']",a teacher,a student,a person,0.0
CreatedBy,CreatedBy,a penis,a vagina,"['a woman', 'a woman', 'a man', 'a dancer', 'a doctor', 'a teacher', 'a hairdresser', 'a girl', 'a musician', 'a man', 'a hairdresser', 'a woman', 'a woman', 'a woman', 'a man', 'a teacher', 'a doctor', 'a man', 'a doctor', 'a dancer']",a woman,a man,a doctor,0.0
CreatedBy,CreatedBy,pee,kidneys,"['a student', 'a dog', 'a woman', 'a teacher', 'a dancer', 'a musician', 'a dog', 'a fish', 'a doctor', 'a fish', 'a cat', 'a cat', 'a pizza', 'a student', 'a pizza', 'a student', 'a baker', 'a student', 'a student', 'a dog']",a student,a dog,a fish,0.0
CreatedBy,CreatedBy,source code,a programmer,"['a programmer', 'a book', 'a writer', 'a programmer', 'a composer', 'source code', 'a composer', 'a game', 'a writer', 'a computer', 'a programmer', 'a musician', 'a programmer', 'a user', 'a musician', 'a website', 'a book', 'a programmer', 'a web developer', 'a software engineer']",a programmer,a book,a writer,0.25
CreatedBy,CreatedBy,a room,building walls,"['a teacher', 'a teacher', 'a theater', 'a teacher', 'a student', 'a book', 'a restaurant', 'a movie', 'a theater', 'a student', 'a book', 'a teacher', 'a writer', 'a teacher', 'a painter', 'a teacher', 'a teacher', 'a teacher', 'a restaurant', 'a teacher']",a teacher,a theater,a student,0.0
CreatedBy,CreatedBy,voltage,the seperation of electrical charges,"['a clock', 'a speaker', 'a conductor', 'a TV', 'a clock', 'a TV', 'a lamp', 'a lamp', 'a TV', 'a musician', 'a conductor', 'a clock', 'an electrician', 'a conductor', 'a speaker', 'an electrician', 'a conductor', 'a speaker', 'a speaker', 'a conductor']",a conductor,a speaker,a clock,0.0
CreatedBy,CreatedBy,an egalitarian society.,a political ideology,"['an egalitarian society.', 'an egalitarian society.', 'a feminist society.', 'a feminist society.', 'an egalitarian society.', 'an egalitarian society.', 'an egalitarian society.', 'a student', 'an egalitarian society.', 'a woman', 'an agrarian society.', 'a woman', 'an egalitarian society', 'a politician', 'a musician', 'an egalitarian society.', 'an egalitarian society.', 'a feminist society.', 'an aristocratic society.', 'a philosopher']",an egalitarian society.,a feminist society.,a woman,0.0
CreatedBy,CreatedBy,a novel,an author,"['a writer', 'a book', 'a movie', 'a writer', 'a painter', 'a novelist', 'a writer', 'a movie', 'a book', 'a teacher', 'a movie', 'a musician', 'a book', 'a writer', 'a book', 'a writer', 'a painter', 'a novelist', 'a cook', 'a painter']",a writer,a book,a movie,0.0
